UserID,Gender,Age,Occupation,Zip-Code
1,Female,<18,10,48067
2,Male,56+,16,70072
3,Male,25-34,15,55117
4,Male,45-49,7,02460
5,Male,25-34,20,55455
6,Female,50-55,9,55117
7,Male,35-44,1,06810
8,Male,25-34,12,11413
9,Male,25-34,17,61614
10,Female,35-44,1,95370
11,Female,25-34,1,04093
12,Male,25-34,12,32793
13,Male,45-49,1,93304
14,Male,35-44,0,60126
15,Male,25-34,7,22903
16,Female,35-44,0,20670
17,Male,50-55,1,95350
18,Female,18-24,3,95825
19,Male,<18,10,48073
20,Male,25-34,14,55113
21,Male,18-24,16,99353
22,Male,18-24,15,53706
23,Male,35-44,0,90049
24,Female,25-34,7,10023
25,Male,18-24,4,01609
26,Male,25-34,7,23112
27,Male,25-34,11,19130
28,Female,25-34,1,14607
29,Male,35-44,7,33407
30,Female,35-44,7,19143
31,Male,56+,7,06840
32,Female,25-34,0,19355
33,Male,45-49,3,55421
34,Female,18-24,0,02135
35,Male,45-49,1,02482
36,Male,25-34,3,94123
37,Female,25-34,9,66212
38,Female,18-24,4,02215
39,Male,18-24,4,61820
40,Male,45-49,0,10543
41,Female,18-24,4,15116
42,Male,25-34,8,24502
43,Male,25-34,12,60614
44,Male,45-49,17,98052
45,Female,45-49,16,94110
46,Male,18-24,19,75602
47,Male,18-24,4,94305
48,Male,25-34,4,92107
49,Male,18-24,12,77084
50,Female,25-34,2,98133
51,Female,<18,10,10562
52,Male,18-24,4,72212
53,Male,25-34,0,96931
54,Male,50-55,1,56723
55,Female,35-44,12,55303
56,Male,35-44,20,60440
57,Male,18-24,19,30350
58,Male,25-34,2,30303
59,Female,50-55,1,55413
60,Male,50-55,1,72118
61,Male,25-34,17,95122
62,Female,35-44,3,98105
63,Male,18-24,4,54902
64,Male,18-24,1,53706
65,Male,35-44,12,55803
66,Male,25-34,18,57706
67,Female,50-55,5,60181
68,Male,18-24,4,53706
69,Female,25-34,1,02143
70,Male,18-24,4,53703
71,Male,25-34,14,95008
72,Female,45-49,0,55122
73,Male,18-24,4,53706
74,Male,35-44,14,94530
75,Female,<18,10,01748
76,Male,35-44,7,55413
77,Male,18-24,4,15321
78,Female,45-49,1,98029
79,Female,45-49,0,98103
80,Male,56+,1,49327
81,Female,25-34,0,60640
82,Male,25-34,17,48380
83,Female,25-34,2,94609
84,Male,18-24,4,53140
85,Male,18-24,4,94945
86,Female,<18,10,54467
87,Male,25-34,14,48360
88,Female,45-49,1,02476
89,Female,56+,9,85749
90,Male,56+,13,85749
91,Male,35-44,7,07650
92,Female,18-24,4,44243
93,Male,25-34,17,95825
94,Male,25-34,17,28601
95,Male,45-49,0,98201
96,Female,25-34,16,78028
97,Female,35-44,3,66210
98,Female,35-44,7,33547
99,Female,<18,10,19390
100,Male,35-44,17,95401
101,Female,18-24,3,33314
102,Male,35-44,19,20871
103,Male,45-49,7,92104
104,Male,25-34,12,00926
105,Male,45-49,12,90277
106,Female,35-44,11,79101
107,Male,45-49,18,63129
108,Male,25-34,12,30316
109,Male,45-49,15,92028
110,Male,25-34,2,90803
111,Male,35-44,15,55416
112,Male,25-34,16,97209
113,Male,18-24,12,37032
114,Female,25-34,2,83712
115,Male,25-34,17,28083
116,Male,25-34,17,55744
117,Male,25-34,17,33314
118,Male,35-44,17,22315
119,Female,<18,10,77515
120,Male,25-34,11,27106
121,Male,35-44,7,75229
122,Female,18-24,4,94305
123,Male,35-44,9,67208
124,Male,56+,7,91356
125,Male,45-49,14,01701
126,Male,18-24,9,98117
127,Female,45-49,3,01770
128,Male,56+,6,37922
129,Male,25-34,11,20164
130,Male,35-44,17,50021
131,Male,18-24,4,06520
132,Male,25-34,17,99709
133,Female,25-34,0,55071
134,Male,25-34,0,66212
135,Male,18-24,4,20006
136,Male,18-24,2,21202
137,Female,45-49,6,78758
138,Male,18-24,20,22203
139,Female,25-34,20,45409
140,Female,35-44,1,55107
141,Male,35-44,13,62035
142,Male,25-34,7,10011
143,Male,18-24,3,64043
144,Male,25-34,17,29401
145,Male,18-24,4,19081
146,Female,35-44,20,10954
147,Male,18-24,4,91360
148,Male,50-55,17,57747
149,Male,25-34,1,29205
150,Male,35-44,7,98144
151,Female,25-34,20,85013
152,Male,18-24,4,48104
153,Male,<18,10,51537
154,Male,50-55,20,94530
155,Male,35-44,12,07470
156,Female,45-49,7,14519
157,Male,35-44,16,12866
158,Male,56+,7,28754
159,Female,45-49,0,37922
160,Male,35-44,7,13021
161,Male,45-49,16,98107-2117
162,Female,18-24,4,93117
163,Male,18-24,4,85013
164,Female,56+,13,94566
165,Male,18-24,16,98502
166,Male,18-24,4,92802
167,Female,25-34,11,10022
168,Female,50-55,0,46970
169,Male,25-34,7,55439
170,Male,25-34,11,07002
171,Female,50-55,17,55441
172,Male,25-34,3,07661
173,Male,25-34,0,45237
174,Male,25-34,16,21203
175,Female,25-34,2,95123
176,Female,18-24,3,55016
177,Male,50-55,1,54016
178,Male,56+,17,53705
179,Male,25-34,0,02135
180,Male,45-49,12,01603
181,Male,18-24,17,33186
182,Male,18-24,4,03052
183,Female,45-49,1,55407
184,Female,25-34,0,19001
185,Male,45-49,0,14468
186,Male,18-24,5,91767
187,Female,45-49,1,94061
188,Male,56+,16,79930
189,Male,18-24,0,60076
190,Male,25-34,17,55125
191,Male,18-24,4,04915
192,Male,18-24,1,10977
193,Female,45-49,15,44106
194,Female,<18,10,29146
195,Male,25-34,12,10458
196,Female,35-44,9,94587
197,Male,18-24,14,10023
198,Male,25-34,12,55108
199,Male,18-24,4,83706
200,Female,18-24,4,84321
201,Female,35-44,2,55117
202,Male,18-24,4,53706
203,Female,18-24,4,53715
204,Male,25-34,7,92123
205,Male,35-44,12,97333
206,Male,25-34,17,20194
207,Male,25-34,12,94115
208,Male,35-44,17,55432
209,Male,35-44,1,90048
210,Female,<18,10,25801
211,Male,45-49,17,90620
212,Male,25-34,16,53714
213,Female,18-24,4,01609
214,Male,18-24,20,80218
215,Male,35-44,14,92075
216,Male,45-49,13,52761
217,Male,18-24,4,22903
218,Male,35-44,14,95822
219,Female,25-34,4,55113
220,Male,25-34,12,22903
221,Female,25-34,0,94063
222,Male,25-34,1,55116
223,Male,25-34,17,28262
224,Female,18-24,4,14850
225,Male,25-34,7,11215
226,Male,35-44,1,94518
227,Male,35-44,20,90291
228,Male,25-34,15,55455
229,Male,18-24,10,04576
230,Male,45-49,1,43210
231,Male,25-34,3,55455
232,Male,25-34,20,55408
233,Female,45-49,20,37919-4204
234,Male,35-44,7,39652
235,Male,25-34,0,98153
236,Male,25-34,5,55126
237,Male,25-34,6,46835
238,Female,50-55,7,90291
239,Male,18-24,19,94618
240,Male,50-55,17,55113
241,Male,35-44,20,55121
242,Female,18-24,4,53706
243,Male,25-34,16,11576
244,Male,50-55,7,19072
245,Male,35-44,16,66046
246,Female,18-24,4,60625
247,Male,25-34,17,94404
248,Male,18-24,17,72703
249,Female,18-24,14,48126
250,Male,35-44,16,11229
251,Male,56+,17,55105
252,Male,25-34,12,94112
253,Female,25-34,11,97370
254,Male,35-44,17,49015
255,Male,35-44,0,85310
256,Male,45-49,16,55076
257,Male,18-24,18,55113
258,Male,25-34,7,55436
259,Male,25-34,1,60615
260,Male,18-24,19,98126
261,Male,25-34,20,75801
262,Female,25-34,1,68503
263,Female,25-34,7,22304
264,Male,35-44,0,20755
265,Female,35-44,7,55116
266,Male,35-44,11,75229
267,Male,45-49,12,55001
268,Female,18-24,12,29708
269,Male,25-34,2,55408
270,Male,50-55,14,55414
271,Male,18-24,4,48202
272,Male,18-24,0,80302
273,Male,18-24,4,55427
274,Male,18-24,4,55455
275,Male,25-34,0,48162
276,Male,45-49,16,01982
277,Female,35-44,1,98126
278,Male,45-49,18,60482
279,Male,25-34,14,91214
280,Male,50-55,7,19118
281,Female,35-44,0,94117
282,Male,25-34,17,94401
283,Male,25-34,0,10003
284,Male,25-34,12,91910
285,Female,35-44,0,94109
286,Male,25-34,1,54601
287,Male,50-55,13,94706
288,Female,25-34,12,97119
289,Female,25-34,0,11801
290,Female,25-34,20,94591
291,Male,35-44,12,55110
292,Male,35-44,7,19406
293,Male,56+,1,55337-4056
294,Female,45-49,9,43147
295,Male,18-24,0,80203
296,Male,50-55,5,89432
297,Male,18-24,2,97211
298,Female,18-24,4,19010
299,Male,25-34,12,97370
300,Male,25-34,7,78664
301,Male,18-24,4,61820
302,Male,18-24,4,04901
303,Male,25-34,7,20006
304,Male,25-34,0,55414
305,Female,18-24,0,55414
306,Male,18-24,0,53051
307,Male,50-55,16,90027
308,Male,25-34,2,10025
309,Male,25-34,4,16801
310,Female,18-24,4,31207
311,Male,18-24,4,31201
312,Female,50-55,2,22207
313,Female,18-24,4,02138
314,Female,56+,9,46911
315,Female,56+,1,55105
316,Male,56+,13,90740
317,Male,35-44,7,38555
318,Female,56+,13,55104
319,Female,50-55,6,33436
320,Male,35-44,6,99516
321,Male,18-24,4,55128
322,Male,56+,17,55117
323,Male,45-49,12,53716
324,Male,35-44,17,55106
325,Female,50-55,3,55112
326,Male,50-55,11,25302
327,Male,35-44,18,55448
328,Male,35-44,12,80401
329,Male,35-44,7,02115
330,Male,56+,7,92065
331,Male,25-34,7,55902
332,Male,50-55,1,55109
333,Male,35-44,2,55410
334,Female,56+,2,55113
335,Male,35-44,18,55434
336,Male,18-24,0,98765
337,Male,18-24,19,80205
338,Male,35-44,7,55116
339,Male,50-55,7,80207
340,Female,25-34,3,28001
341,Female,56+,13,92119
342,Male,18-24,12,55076
343,Female,35-44,3,55127
344,Male,35-44,14,75034
345,Male,25-34,12,94114
346,Female,25-34,0,55110
347,Female,56+,1,55305
348,Male,50-55,7,55110
349,Male,<18,10,08035
350,Male,45-49,20,08035
351,Male,18-24,4,55105
352,Male,18-24,4,60115
353,Female,35-44,7,92625
354,Male,35-44,1,55117
355,Male,18-24,3,55107
356,Male,56+,20,55101
357,Male,18-24,0,98103
358,Female,56+,1,20815
359,Male,25-34,17,55128
360,Male,35-44,17,28208
361,Female,25-34,14,94115
362,Male,35-44,20,55407
363,Male,18-24,10,55419
364,Female,35-44,1,46815
365,Female,18-24,4,02138
366,Male,50-55,15,55126
367,Male,50-55,12,55421
368,Male,25-34,0,90293
369,Male,35-44,1,55110
370,Male,18-24,17,22304
371,Male,18-24,4,02141
372,Female,18-24,4,72227
373,Female,25-34,2,55347
374,Female,35-44,14,55346
375,Male,25-34,2,55106
376,Male,35-44,1,80026
377,Male,25-34,17,55418
378,Female,18-24,0,55105
379,Female,35-44,1,54822
380,Male,25-34,2,92024
381,Male,35-44,17,89015
382,Female,35-44,20,66205
383,Female,25-34,7,78757
384,Male,25-34,11,55075
385,Male,25-34,6,68131
386,Male,25-34,0,55408
387,Female,35-44,7,55111
388,Female,25-34,0,10021
389,Male,25-34,6,68128
390,Male,25-34,4,55405
391,Male,45-49,11,22122
392,Male,18-24,7,20037
393,Male,35-44,17,55402
394,Male,18-24,0,55013
395,Male,18-24,5,55104
396,Male,25-34,1,56187
397,Male,35-44,17,22124
398,Male,25-34,17,55454
399,Female,35-44,6,55128
400,Female,18-24,3,55422
401,Male,18-24,0,55129
402,Male,25-34,11,55427
403,Male,18-24,4,02138
404,Male,18-24,4,10128
405,Male,56+,1,13077
406,Male,25-34,20,55105
407,Male,18-24,17,89503
408,Male,25-34,11,02143
409,Male,18-24,12,55122
410,Female,25-34,1,55417
411,Female,45-49,1,43214
412,Male,35-44,15,55117
413,Male,25-34,11,55409
414,Male,25-34,0,55317
415,Female,35-44,0,55406
416,Male,45-49,14,55076
417,Female,25-34,0,50613
418,Female,25-34,3,54016
419,Male,18-24,3,55422
420,Male,35-44,1,55406
421,Female,45-49,3,55125
422,Male,56+,17,55104
423,Male,18-24,4,55455
424,Male,25-34,17,55112
425,Male,25-34,12,55303
426,Male,18-24,4,55455
427,Male,35-44,12,55104
428,Female,18-24,4,55455
429,Male,18-24,0,54901
430,Female,18-24,10,55306
431,Male,18-24,10,55303
432,Male,45-49,16,55306
433,Male,50-55,6,55115
434,Female,45-49,3,98155
435,Male,25-34,7,55125
436,Male,18-24,4,43023
437,Male,35-44,17,55030
438,Male,18-24,11,53705
439,Male,35-44,14,55129
440,Male,56+,1,32940
441,Male,35-44,1,55127
442,Male,25-34,1,55105
443,Male,25-34,3,55421
444,Male,56+,0,55108
445,Male,45-49,12,55117
446,Female,50-55,0,55042
447,Female,45-49,11,55105
448,Male,25-34,17,80123
449,Male,25-34,7,85037
450,Male,45-49,1,24523
451,Male,56+,13,54720
452,Male,50-55,17,55117
453,Male,18-24,4,55102
454,Male,25-34,20,55092
455,Female,35-44,2,55113
456,Male,35-44,0,55105
457,Male,18-24,4,54703
458,Male,50-55,16,55405-2546
459,Female,18-24,4,55105
460,Male,45-49,18,55313
461,Male,50-55,7,55075
462,Male,18-24,16,55416
463,Male,25-34,7,55105
464,Female,18-24,4,55455
465,Male,18-24,19,94523
466,Male,25-34,5,55405
467,Female,35-44,3,55075
468,Female,<18,10,55082
469,Male,35-44,6,55122
470,Female,<18,10,55068
471,Male,35-44,7,08904
472,Male,35-44,0,55418
473,Female,18-24,4,55112
474,Male,25-34,17,92126
475,Female,25-34,2,55421
476,Male,35-44,0,55127
477,Male,35-44,14,55410
478,Male,50-55,16,55113
479,Male,25-34,12,55042
480,Female,18-24,4,55422
481,Male,45-49,7,55115
482,Male,25-34,14,55305
483,Male,18-24,12,55105
484,Female,<18,10,55104
485,Male,56+,7,55042
486,Male,56+,0,91367
487,Female,35-44,17,55082
488,Male,25-34,12,55107
489,Male,18-24,4,55455
490,Male,<18,10,55345
491,Male,18-24,4,56043
492,Male,25-34,12,55112
493,Male,50-55,7,55016
494,Female,35-44,0,17870
495,Male,18-24,10,55421
496,Male,18-24,4,55455
497,Female,25-34,17,55412
498,Male,35-44,17,55113
499,Female,25-34,1,55108
500,Female,18-24,2,55105
501,Male,25-34,2,55372
502,Male,35-44,6,55126
503,Male,35-44,11,73120
504,Male,25-34,2,17003
505,Male,35-44,17,37815
506,Male,25-34,16,55103-1006
507,Female,25-34,0,55405
508,Male,25-34,12,55418
509,Male,25-34,2,55125
510,Male,18-24,12,55109
511,Female,45-49,4,15232
512,Male,35-44,0,55379
513,Male,25-34,0,55119
514,Male,25-34,2,55113
515,Male,25-34,1,55406
516,Female,56+,14,55033
517,Female,25-34,14,55408
518,Female,35-44,12,75240
519,Female,35-44,14,55038
520,Female,35-44,20,55104
521,Male,56+,7,55105
522,Male,25-34,12,55124
523,Male,50-55,7,55105
524,Male,18-24,0,91320
525,Male,35-44,6,19027
526,Male,45-49,17,94806
527,Female,25-34,2,11201
528,Female,18-24,17,83843
529,Male,35-44,12,92009
530,Male,25-34,2,10019
531,Female,18-24,14,22206
532,Male,25-34,7,94301
533,Male,25-34,12,27514
534,Male,25-34,15,55902
535,Male,35-44,6,95370
536,Male,25-34,20,01267
537,Male,45-49,14,07704
538,Male,56+,16,95407
539,Male,25-34,2,55103
540,Male,18-24,1,15213
541,Female,18-24,4,5849574
542,Male,18-24,4,78705
543,Male,25-34,5,55057
544,Male,35-44,12,94538
545,Male,35-44,17,01890
546,Female,25-34,0,37211
547,Male,35-44,12,76109
548,Female,35-44,16,96860
549,Male,25-34,6,53217
550,Male,45-49,8,21559
551,Male,35-44,20,55116
552,Male,50-55,18,23456
553,Male,25-34,2,94131
554,Male,25-34,12,94086
555,Male,18-24,4,53213
556,Female,25-34,9,37221
557,Male,56+,1,30030
558,Male,35-44,20,55108
559,Female,25-34,7,60422
560,Male,45-49,15,81335
561,Female,18-24,14,64060
562,Male,35-44,20,48083
563,Male,25-34,4,53703
564,Male,45-49,1,49419
565,Male,25-34,16,45242
566,Male,25-34,17,92122
567,Male,35-44,20,52570-9634
568,Female,50-55,17,19716
569,Female,18-24,4,97339
570,Male,25-34,4,33314
571,Male,50-55,5,95401
572,Male,18-24,4,61801
573,Female,35-44,2,98119
574,Male,25-34,19,90214
575,Male,25-34,12,92130
576,Female,45-49,15,20910
577,Male,35-44,0,02115
578,Male,18-24,17,90064
579,Male,25-34,5,32839
580,Male,<18,10,08534
581,Male,50-55,14,73543
582,Male,18-24,4,67042
583,Female,25-34,0,48067
584,Female,25-34,0,94403
585,Male,18-24,1,53703
586,Male,35-44,14,53092
587,Male,25-34,20,92649
588,Female,25-34,11,23220
589,Male,18-24,2,90210
590,Female,35-44,6,98032
591,Male,25-34,0,76201
592,Male,18-24,0,92103
593,Female,50-55,1,91711
594,Female,56+,13,60076
595,Male,25-34,7,10019
596,Female,25-34,1,01950
597,Male,35-44,12,80206
598,Male,35-44,7,95476
599,Male,50-55,6,53711
600,Male,35-44,17,66209
601,Female,18-24,20,06320
602,Female,56+,6,14612
603,Female,25-34,6,32256
604,Male,45-49,17,32256
605,Female,18-24,4,44425
606,Female,<18,10,49507
607,Male,25-34,0,43614
608,Male,18-24,4,18011
609,Male,25-34,7,10012
610,Male,25-34,4,77025
611,Male,35-44,0,20715
612,Male,50-55,7,95020
613,Male,35-44,20,10562
614,Male,35-44,1,90024
615,Male,50-55,17,32951
616,Male,25-34,7,94115
617,Female,25-34,7,92117
618,Male,25-34,0,74105
619,Female,18-24,1,94706
620,Male,18-24,0,13210
621,Male,18-24,4,93560
622,Male,25-34,0,92612
623,Male,25-34,17,60555
624,Male,25-34,1,75207
625,Female,35-44,12,44106
626,Male,18-24,4,77005
627,Male,50-55,2,97210
628,Female,35-44,0,20715
629,Female,<18,10,48154
630,Female,35-44,14,80525
631,Male,35-44,17,28601
632,Male,45-49,17,07649
633,Male,25-34,17,94131
634,Female,<18,10,49512
635,Male,56+,17,33785
636,Male,18-24,20,92055
637,Male,35-44,12,97132
638,Male,25-34,6,77584
639,Male,45-49,17,85202
640,Male,18-24,4,47406
641,Female,35-44,0,55116
642,Female,35-44,1,78155
643,Male,25-34,2,23188
644,Male,25-34,20,93704
645,Male,35-44,20,11215
646,Male,35-44,7,08505
647,Male,35-44,12,85224
648,Female,25-34,12,94131
649,Male,25-34,4,80526
650,Male,25-34,17,49445
651,Male,35-44,7,20895
652,Male,18-24,20,12222
653,Male,56+,13,92660
654,Male,50-55,7,75023
655,Female,25-34,2,92629
656,Female,45-49,16,92106
657,Female,50-55,13,34691
658,Female,25-34,0,10021
659,Female,25-34,0,28134
660,Male,45-49,16,70507
661,Male,45-49,1,13114
662,Male,18-24,4,99163
663,Female,25-34,7,12345
664,Male,35-44,18,74601
665,Male,18-24,2,13317
666,Female,18-24,0,08540
667,Male,25-34,18,98438
668,Female,25-34,3,22042
669,Male,25-34,17,30307
670,Male,25-34,12,30303
671,Male,18-24,4,61761
672,Male,35-44,7,46845
673,Male,25-34,20,10023
674,Male,25-34,17,22042
675,Male,25-34,20,02048
676,Male,18-24,16,55129
677,Male,50-55,2,94122
678,Male,25-34,0,34952
679,Male,35-44,16,29681
680,Male,25-34,12,37013
681,Male,35-44,7,30501
682,Male,25-34,4,27510
683,Male,25-34,4,27514
684,Male,25-34,4,27510
685,Male,25-34,4,27514
686,Male,18-24,4,27514
687,Female,25-34,7,14136
688,Male,56+,13,13407
689,Female,50-55,0,48103
690,Male,25-34,12,90717
691,Male,35-44,11,96813
692,Female,25-34,0,85207
693,Male,35-44,12,98103
694,Male,18-24,4,76401
695,Female,18-24,1,04240
696,Male,25-34,12,94114
697,Female,50-55,6,97330
698,Male,18-24,4,76401
699,Male,18-24,0,73505
700,Male,50-55,17,14650
701,Female,18-24,4,01002
702,Male,35-44,7,90808
703,Female,56+,1,44074
704,Female,35-44,8,85712
705,Male,25-34,4,48065
706,Male,35-44,20,78664
707,Male,35-44,7,17740
708,Male,25-34,0,37042
709,Male,18-24,0,92647
710,Male,25-34,20,85207
711,Male,25-34,18,80521
712,Male,25-34,0,95136
713,Male,35-44,7,79912
714,Male,18-24,4,76013
715,Male,18-24,0,53715
716,Male,18-24,4,98188
717,Male,25-34,11,90211
718,Male,18-24,2,90211
719,Male,<18,0,75070
720,Male,18-24,0,55129
721,Female,35-44,9,97520
722,Male,25-34,12,55106
723,Male,25-34,12,98027
724,Male,50-55,13,90266
725,Male,56+,11,08904
726,Female,25-34,9,77449
727,Male,35-44,11,94061
728,Male,25-34,6,11598
729,Male,35-44,12,85284
730,Male,25-34,0,10580
731,Male,45-49,3,55410
732,Male,25-34,7,07030
733,Male,35-44,16,30034
734,Male,25-34,7,90078
735,Male,25-34,14,04240
736,Male,18-24,12,07070
737,Male,<18,19,53711
738,Male,18-24,17,99205
739,Male,35-44,12,55803
740,Male,25-34,14,24551
741,Male,25-34,5,44095
742,Male,18-24,0,54758
743,Female,<18,2,60660
744,Male,25-34,17,77007
745,Male,<18,10,90004
746,Female,18-24,19,95019
747,Male,18-24,4,98606
748,Male,25-34,0,60098
749,Male,35-44,18,56303
750,Female,35-44,9,13066
751,Female,25-34,17,97201
752,Female,25-34,3,97401
753,Male,<18,10,42754
754,Male,35-44,7,38024
755,Female,35-44,0,94002
756,Male,35-44,0,90064
757,Male,25-34,12,97401
758,Male,35-44,7,19518
759,Female,56+,3,89156
760,Male,56+,15,94114
761,Male,18-24,7,99945
762,Male,<18,10,63041
763,Male,18-24,10,02882
764,Male,18-24,20,85296
765,Male,25-34,17,74467
766,Female,25-34,7,95128
767,Male,25-34,12,45241
768,Male,25-34,12,17067
769,Male,45-49,17,02421
770,Male,18-24,4,98499
771,Female,50-55,1,75087
772,Male,18-24,12,89118
773,Male,25-34,6,48108
774,Male,18-24,4,22903
775,Male,<18,17,56258
776,Female,25-34,3,92627
777,Male,18-24,19,87543
778,Male,18-24,17,32694
779,Male,25-34,0,60156
780,Male,25-34,17,91776
781,Male,18-24,4,95076
782,Male,56+,1,28223
783,Male,25-34,4,53703
784,Male,18-24,0,11040
785,Male,18-24,19,29307
786,Male,25-34,0,55987
787,Male,18-24,4,77802
788,Male,25-34,0,37601
789,Male,18-24,1,67212
790,Male,25-34,17,45694
791,Male,35-44,7,27511
792,Male,25-34,17,01002
793,Female,35-44,14,37043
794,Male,50-55,20,10543
795,Female,35-44,14,19147
796,Male,50-55,6,98237
797,Female,50-55,7,20175
798,Female,25-34,20,48464
799,Female,25-34,5,98498
800,Female,35-44,12,72032
801,Female,25-34,20,95776
802,Male,25-34,16,22801
803,Male,18-24,4,67217
804,Male,25-34,20,90032
805,Male,35-44,12,37211
806,Male,35-44,0,34990
807,Male,18-24,4,89015
808,Male,25-34,7,85226
809,Male,25-34,17,70508
810,Male,25-34,12,98006
811,Male,50-55,0,94043
812,Male,25-34,6,37930
813,Male,18-24,4,70002
814,Female,18-24,4,92612
815,Male,25-34,4,37130
816,Male,45-49,0,92108
817,Male,18-24,4,41076
818,Male,18-24,4,60107
819,Male,35-44,7,60611
820,Male,35-44,7,78759
821,Male,18-24,2,14456
822,Female,25-34,1,07666
823,Male,25-34,0,92078
824,Male,35-44,12,94530
825,Male,56+,1,39532
826,Female,35-44,1,80210
827,Male,45-49,2,55409
828,Male,18-24,4,70817
829,Male,<18,19,53711
830,Male,35-44,7,60657
831,Female,45-49,0,20874
832,Male,18-24,2,19464
833,Male,35-44,7,46825
834,Female,35-44,12,78640
835,Male,56+,0,94952
836,Male,25-34,11,10023
837,Male,56+,7,08540
838,Male,50-55,17,92661
839,Male,25-34,0,98103
840,Female,25-34,3,02828
841,Female,50-55,14,92119
842,Female,18-24,0,55102
843,Male,25-34,7,49321
844,Male,25-34,0,92121
845,Female,18-24,0,20009
846,Male,25-34,5,80209
847,Female,25-34,7,80228
848,Male,25-34,15,94121
849,Male,25-34,3,75006
850,Male,35-44,0,60640
851,Male,18-24,4,75287
852,Male,25-34,5,92105
853,Male,25-34,17,55447
854,Female,25-34,16,44092
855,Female,18-24,2,72701
856,Female,45-49,6,02453
857,Male,35-44,17,11701
858,Male,35-44,14,10013
859,Male,25-34,12,10128
860,Male,18-24,0,78237
861,Male,25-34,7,37027
862,Male,35-44,7,10019
863,Male,25-34,7,62522
864,Female,25-34,0,97205
865,Male,35-44,1,91711
866,Male,<18,10,08820
867,Male,45-49,12,95814
868,Male,50-55,17,01702-7224
869,Male,18-24,20,92026
870,Female,25-34,1,02144
871,Male,<18,10,76013
872,Male,50-55,1,20815
873,Male,56+,6,19027
874,Male,45-49,15,26105
875,Male,<18,10,94707
876,Male,25-34,4,43202
877,Male,25-34,0,90631
878,Male,18-24,2,01720
879,Male,45-49,16,92018
880,Male,35-44,17,94114
881,Male,18-24,14,76401
882,Male,18-24,2,01720
883,Female,35-44,14,92673
884,Male,<18,10,49454
885,Male,35-44,0,48105
886,Female,56+,0,14830
887,Female,56+,16,55345
888,Female,<18,10,08820
889,Male,45-49,20,10024
890,Male,18-24,4,92153
891,Male,25-34,1,80202
892,Male,35-44,0,76031
893,Female,50-55,6,85016
894,Male,18-24,4,31602
895,Male,50-55,1,34683
896,Male,18-24,15,94015
897,Male,25-34,6,92130
898,Male,25-34,7,77005
899,Female,25-34,1,30605
900,Female,56+,13,90066
901,Female,56+,0,92027
902,Male,56+,0,45432
903,Male,56+,13,75165
904,Male,35-44,20,92308
905,Female,45-49,12,28655
906,Male,<18,10,71106
907,Female,45-49,6,92117
908,Female,50-55,1,92103
909,Male,45-49,7,92831
910,Female,50-55,0,98226
911,Male,50-55,0,98226
912,Female,35-44,2,91324
913,Male,25-34,0,20744-6223
914,Female,35-44,9,30338
915,Male,25-34,7,72762
916,Female,25-34,1,92084
917,Male,50-55,6,92117
918,Female,45-49,1,91901
919,Female,35-44,1,92056
920,Male,18-24,4,92173
921,Male,25-34,17,92084
922,Male,56+,16,48009
923,Male,25-34,7,37212
924,Male,50-55,17,98642
925,Female,35-44,3,48073
926,Male,<18,10,07869
927,Female,25-34,20,91105
928,Female,56+,16,98199
929,Male,25-34,15,53706
930,Male,25-34,5,98380
931,Female,56+,1,06032
932,Female,35-44,6,97838
933,Male,45-49,1,49419
934,Female,35-44,7,97401
935,Male,35-44,14,60538
936,Male,18-24,4,34567
937,Male,25-34,15,60513
938,Female,25-34,1,01060
939,Female,25-34,20,20110-5616
940,Male,<18,10,76240
941,Male,18-24,20,45387
942,Female,50-55,6,85716
943,Female,45-49,12,08033
944,Male,35-44,0,91505
945,Male,45-49,7,49345
946,Male,35-44,7,48103-8929
947,Male,18-24,0,21015
948,Male,56+,12,43056
949,Male,50-55,17,96753
950,Male,35-44,7,21044
951,Male,45-49,2,10009
952,Male,56+,16,97478
953,Male,50-55,20,97030
954,Female,25-34,0,21030
955,Female,50-55,7,94941
956,Male,35-44,1,55104
957,Male,35-44,1,29706
958,Male,35-44,2,48116
959,Male,50-55,11,44622
960,Male,<18,10,45244
961,Male,18-24,10,10016
962,Female,25-34,1,80020
963,Male,25-34,0,48197
964,Male,25-34,7,94123
965,Male,56+,7,10954
966,Male,56+,2,92262
967,Female,18-24,0,43615
968,Male,50-55,12,94530
969,Female,25-34,11,19103
970,Male,25-34,0,27615
971,Male,25-34,12,43615
972,Male,45-49,1,02138
973,Female,25-34,1,80026
974,Male,35-44,19,94930
975,Male,35-44,0,98136
976,Male,35-44,14,89113
977,Male,25-34,2,80110
978,Male,18-24,0,19116
979,Male,<18,10,48073
980,Male,25-34,6,92014
981,Male,25-34,20,02141
982,Female,25-34,9,92064
983,Female,25-34,16,99224
984,Male,50-55,16,92129
985,Male,25-34,4,32608
986,Female,56+,0,19004
987,Female,35-44,17,48098
988,Male,50-55,11,48823
989,Male,50-55,0,20706
990,Male,18-24,6,10004
991,Female,25-34,9,48103
992,Female,35-44,3,02780
993,Male,25-34,0,45678
994,Male,18-24,2,92109
995,Female,18-24,4,96803
996,Male,25-34,17,98102
997,Male,<18,19,15748
998,Male,45-49,20,10019
999,Male,25-34,15,62558
1000,Female,25-34,6,90027
1001,Male,25-34,4,90210
1002,Male,50-55,11,07043
1003,Male,25-34,2,19320
1004,Male,25-34,3,95136
1005,Male,35-44,11,08003
1006,Male,18-24,4,53220
1007,Male,50-55,12,01960
1008,Male,35-44,3,77064
1009,Male,50-55,7,48315
1010,Male,25-34,0,10310
1011,Male,25-34,8,92115
1012,Female,35-44,1,30004
1013,Male,56+,13,02576
1014,Female,45-49,17,03054
1015,Male,35-44,3,11220
1016,Male,56+,16,60044
1017,Male,35-44,0,30906
1018,Male,18-24,4,95616
1019,Male,35-44,1,60640
1020,Male,18-24,20,93455
1021,Male,35-44,0,94559
1022,Male,25-34,3,00918
1023,Male,56+,13,92675
1024,Female,35-44,1,74135
1025,Male,25-34,16,34677
1026,Female,45-49,0,19130
1027,Male,18-24,4,77005
1028,Female,45-49,7,03848
1029,Male,25-34,0,20015
1030,Male,25-34,7,97303
1031,Male,35-44,16,19803
1032,Male,50-55,16,19425
1033,Male,25-34,5,60076
1034,Female,35-44,1,82601
1035,Male,18-24,2,15956
1036,Male,35-44,7,28036
1037,Male,45-49,7,02081
1038,Female,56+,15,20194
1039,Female,35-44,1,02346
1040,Male,25-34,11,76309
1041,Male,45-49,2,94306
1042,Male,35-44,5,92801
1043,Female,50-55,11,87004
1044,Male,25-34,20,72701
1045,Female,<18,10,77477
1046,Male,56+,18,53404-1230
1047,Male,18-24,0,62225
1048,Male,35-44,6,75225
1049,Male,45-49,14,95002
1050,Male,25-34,1,97302
1051,Female,25-34,0,60513
1052,Female,35-44,2,75214
1053,Male,35-44,0,18360
1054,Male,<18,10,75040
1055,Male,35-44,0,91505
1056,Male,<18,0,48133
1057,Male,45-49,17,73069
1058,Male,25-34,1,97321
1059,Female,25-34,0,97213
1060,Male,18-24,10,11235
1061,Male,45-49,0,46060
1062,Male,50-55,19,59457
1063,Male,35-44,7,50265
1064,Male,25-34,7,91344
1065,Female,25-34,0,94402
1066,Male,45-49,12,02151
1067,Male,35-44,12,94402
1068,Female,18-24,4,77581
1069,Male,25-34,20,98105
1070,Female,45-49,2,20036
1071,Male,50-55,16,13045
1072,Female,35-44,7,07601
1073,Female,25-34,6,72211
1074,Male,45-49,17,48073
1075,Female,25-34,6,60660
1076,Female,25-34,3,27606
1077,Male,25-34,3,60660
1078,Female,45-49,9,95661
1079,Male,25-34,7,98115
1080,Male,56+,7,08854
1081,Male,18-24,4,68144-2410
1082,Male,45-49,7,48170
1083,Male,56+,0,27705
1084,Male,<18,19,03226
1085,Male,25-34,7,34695
1086,Male,18-24,4,98225
1087,Male,25-34,16,08826
1088,Female,<18,10,98103
1089,Male,35-44,6,37853
1090,Male,25-34,7,94105
1091,Male,18-24,5,345567
1092,Female,18-24,4,49525
1093,Male,50-55,14,60504
1094,Female,18-24,0,92626
1095,Female,56+,6,08753
1096,Male,<18,10,80439
1097,Male,18-24,17,92109
1098,Male,35-44,7,94945
1099,Male,25-34,17,77059
1100,Male,25-34,0,60090
1101,Male,35-44,1,06417
1102,Male,18-24,1,55408
1103,Female,45-49,7,60605
1104,Male,35-44,11,10023
1105,Male,35-44,6,48105
1106,Male,18-24,4,90241
1107,Female,50-55,1,02324
1108,Male,56+,1,93003
1109,Male,18-24,10,45904
1110,Female,56+,6,77005
1111,Female,50-55,16,44319
1112,Male,18-24,6,19104
1113,Male,18-24,4,97215
1114,Female,18-24,9,75801
1115,Female,25-34,1,60551
1116,Male,25-34,15,92121
1117,Male,18-24,14,10017
1118,Male,50-55,13,02718
1119,Male,35-44,1,90504
1120,Male,18-24,4,95616
1121,Male,56+,7,78701
1122,Male,56+,14,02632
1123,Male,50-55,0,91789
1124,Male,25-34,2,60156
1125,Female,18-24,4,53715
1126,Male,56+,16,13031
1127,Male,25-34,0,11788
1128,Male,25-34,1,72701
1129,Male,35-44,17,22309
1130,Male,18-24,7,60012
1131,Male,56+,13,12570
1132,Male,18-24,12,98225
1133,Male,18-24,2,90038
1134,Male,18-24,20,19114
1135,Male,50-55,13,98201
1136,Female,35-44,7,90274
1137,Male,18-24,4,13165
1138,Male,18-24,12,12047
1139,Male,25-34,1,93420-2852
1140,Female,45-49,2,73069
1141,Female,25-34,3,84770
1142,Male,18-24,1,43623
1143,Male,50-55,7,94024
1144,Male,25-34,7,94025
1145,Male,50-55,3,92103
1146,Female,18-24,16,80260
1147,Male,25-34,20,98101
1148,Male,35-44,17,92618
1149,Male,25-34,12,98103
1150,Female,25-34,20,75226
1151,Male,25-34,15,46805
1152,Male,18-24,4,30328
1153,Male,18-24,10,33024
1154,Female,<18,10,53545
1155,Male,25-34,12,90278
1156,Female,50-55,2,33334
1157,Male,45-49,7,30253
1158,Female,35-44,1,98026
1159,Male,18-24,0,48314
1160,Male,18-24,14,07017
1161,Male,25-34,0,10025
1162,Female,35-44,0,97213
1163,Male,<18,10,70448
1164,Female,25-34,19,90020
1165,Male,25-34,12,45014
1166,Male,56+,6,94030
1167,Female,50-55,1,55126
1168,Female,25-34,0,94109
1169,Male,25-34,20,94402
1170,Male,56+,3,10023
1171,Male,45-49,12,94114
1172,Female,25-34,0,61801
1173,Female,25-34,7,10019
1174,Female,18-24,16,91780
1175,Female,25-34,2,90020
1176,Male,56+,1,44256
1177,Female,25-34,17,01453
1178,Male,56+,0,48186
1179,Male,50-55,1,91030
1180,Female,50-55,20,95503
1181,Male,35-44,7,20716
1182,Male,<18,10,91326
1183,Male,35-44,19,94598
1184,Female,25-34,4,92354
1185,Female,35-44,1,97374
1186,Male,18-24,19,98502
1187,Female,<18,0,90210
1188,Male,45-49,7,72212
1189,Male,25-34,0,85712
1190,Male,45-49,0,98031
1191,Female,35-44,0,98117
1192,Male,50-55,16,98103
1193,Male,25-34,12,90712
1194,Female,25-34,1,95617
1195,Female,<18,10,13907
1196,Female,18-24,14,22203
1197,Male,35-44,1,44077
1198,Male,<18,10,49544
1199,Male,50-55,13,77459
1200,Male,<18,0,97222
1201,Male,18-24,4,84112-2004
1202,Male,35-44,12,97006
1203,Female,25-34,1,06417
1204,Male,25-34,7,95076
1205,Female,56+,0,46814
1206,Female,50-55,7,33764
1207,Male,50-55,0,43617
1208,Male,25-34,0,12590
1209,Male,35-44,7,94127
1210,Male,25-34,17,27519
1211,Male,18-24,4,10027
1212,Female,50-55,1,60089
1213,Male,50-55,0,91505
1214,Male,56+,13,94558
1215,Male,35-44,17,23602
1216,Male,25-34,2,90292
1217,Male,25-34,12,94118
1218,Male,56+,15,13207
1219,Male,25-34,7,12206
1220,Male,<18,10,48073
1221,Male,18-24,0,19134
1222,Male,35-44,0,52162
1223,Male,25-34,2,60102
1224,Male,50-55,13,02125
1225,Male,45-49,7,61081
1226,Male,18-24,20,07087
1227,Male,50-55,1,90027
1228,Male,25-34,1,94720
1229,Female,25-34,4,48219
1230,Male,25-34,11,95125
1231,Male,25-34,12,60515
1232,Female,18-24,4,43235
1233,Female,45-49,20,94519
1234,Male,18-24,4,91006
1235,Female,25-34,7,94043
1236,Female,25-34,1,48316
1237,Male,18-24,4,32720
1238,Female,35-44,20,11215
1239,Female,25-34,20,50111
1240,Female,18-24,14,02144
1241,Male,<18,10,11803
1242,Female,35-44,0,10014
1243,Male,35-44,15,92627
1244,Male,25-34,4,22030
1245,Male,25-34,17,80461
1246,Male,18-24,4,98225
1247,Male,35-44,0,92649
1248,Female,35-44,20,94598
1249,Male,35-44,2,94587
1250,Male,50-55,0,10573
1251,Male,25-34,7,48188
1252,Male,56+,13,94134
1253,Female,35-44,20,76205
1254,Female,18-24,1,02144
1255,Male,25-34,17,94110
1256,Male,25-34,20,10002
1257,Female,18-24,14,84101
1258,Male,45-49,7,20879
1259,Male,35-44,7,2020010
1260,Male,25-34,17,28262
1261,Male,18-24,4,40205
1262,Male,25-34,4,22903
1263,Male,<18,10,81301
1264,Male,25-34,1,53711
1265,Female,18-24,20,49321
1266,Male,25-34,4,18104
1267,Male,25-34,15,12203
1268,Male,50-55,2,10028
1269,Female,56+,13,01234
1270,Male,25-34,6,12230
1271,Female,45-49,6,54401
1272,Male,18-24,20,49506
1273,Male,35-44,2,19123
1274,Male,45-49,7,37343
1275,Male,50-55,17,39567
1276,Male,35-44,17,94041
1277,Female,18-24,0,06360
1278,Male,18-24,4,98312
1279,Male,35-44,1,98502
1280,Male,<18,10,97801
1281,Male,25-34,19,97209
1282,Male,50-55,1,98541
1283,Female,18-24,1,94607
1284,Male,45-49,16,33334
1285,Male,35-44,4,98125
1286,Male,35-44,17,92630
1287,Female,50-55,7,94611
1288,Female,35-44,19,92867
1289,Male,45-49,6,78750
1290,Male,35-44,0,91504
1291,Female,35-44,0,10011
1292,Male,25-34,7,94904
1293,Male,25-34,5,60074
1294,Female,50-55,20,11217
1295,Female,35-44,6,90036
1296,Male,<18,0,75244
1297,Male,25-34,7,92109
1298,Male,35-44,6,33615
1299,Male,25-34,14,02038
1300,Male,<18,10,97201
1301,Female,25-34,2,10475
1302,Male,18-24,4,85282
1303,Male,25-34,19,94111
1304,Male,25-34,14,97203
1305,Male,45-49,20,94121
1306,Male,25-34,3,64068
1307,Male,56+,13,75703
1308,Male,<18,10,75082
1309,Male,25-34,14,76051
1310,Male,45-49,0,92866
1311,Male,18-24,10,90274
1312,Male,25-34,14,60153
1313,Male,18-24,4,43214
1314,Female,18-24,4,68154
1315,Male,35-44,7,75214
1316,Male,50-55,2,50310
1317,Male,45-49,7,98028
1318,Male,18-24,16,94014
1319,Female,25-34,3,98626
1320,Male,25-34,4,22030
1321,Female,25-34,14,34639
1322,Male,56+,0,94043
1323,Female,35-44,2,11218
1324,Male,35-44,16,07030
1325,Male,25-34,1,75230
1326,Female,25-34,0,98115
1327,Male,<18,10,12159
1328,Male,35-44,14,60657
1329,Male,18-24,14,60194
1330,Male,56+,1,95117
1331,Male,45-49,0,12065
1332,Male,25-34,7,02840
1333,Male,25-34,17,06460
1334,Male,50-55,7,10805
1335,Male,35-44,0,14228
1336,Female,50-55,20,95051
1337,Male,56+,17,97146
1338,Male,25-34,0,94108
1339,Male,35-44,18,85275
1340,Male,25-34,7,14302
1341,Male,18-24,7,11434
1342,Male,35-44,0,94560
1343,Male,35-44,14,91324
1344,Female,25-34,9,43420
1345,Female,25-34,2,75070
1346,Male,35-44,20,27607
1347,Female,18-24,1,11375
1348,Female,<18,10,04240
1349,Male,50-55,7,13088
1350,Female,35-44,0,90278
1351,Female,25-34,17,98034
1352,Male,35-44,20,94122
1353,Male,<18,10,95926
1354,Female,25-34,2,94040
1355,Female,45-49,20,04240
1356,Female,18-24,4,91706
1357,Male,45-49,0,34116
1358,Male,35-44,17,49508
1359,Male,35-44,1,10918
1360,Male,25-34,20,14895
1361,Female,25-34,0,97401
1362,Male,35-44,12,75069
1363,Male,50-55,7,01915
1364,Female,45-49,2,97214
1365,Female,<18,10,61665
1366,Male,<18,10,89509
1367,Male,25-34,12,53707
1368,Female,25-34,3,50266
1369,Male,25-34,5,12308
1370,Male,35-44,2,92821
1371,Female,50-55,2,60657
1372,Male,<18,10,95123
1373,Female,25-34,1,55104
1374,Male,50-55,1,91403
1375,Female,45-49,5,95136
1376,Female,45-49,1,32750
1377,Male,35-44,16,65270
1378,Female,45-49,7,21044
1379,Female,56+,13,93448
1380,Male,<18,10,58078
1381,Male,18-24,11,89170
1382,Female,45-49,1,92100
1383,Female,25-34,7,19806
1384,Male,18-24,10,98058
1385,Female,25-34,5,90262
1386,Female,25-34,0,07026
1387,Female,50-55,13,94702
1388,Male,56+,20,87107
1389,Male,25-34,17,19801
1390,Male,35-44,16,99352
1391,Male,35-44,15,20723
1392,Male,45-49,3,90006
1393,Male,18-24,4,06430
1394,Female,25-34,3,94117
1395,Male,25-34,2,07026
1396,Female,25-34,12,94530
1397,Male,35-44,7,55901
1398,Female,56+,16,94904
1399,Male,18-24,17,10804
1400,Male,25-34,7,92130
1401,Female,18-24,1,94578
1402,Male,18-24,4,90601
1403,Female,25-34,0,53713
1404,Male,50-55,16,91360
1405,Male,56+,13,33445
1406,Male,25-34,4,91911
1407,Female,35-44,15,53704
1408,Male,25-34,0,90046
1409,Male,18-24,4,97215
1410,Male,50-55,7,94404
1411,Male,35-44,1,08107
1412,Male,25-34,17,94089
1413,Male,18-24,3,98122
1414,Male,18-24,4,85035
1415,Male,45-49,14,22901
1416,Male,25-34,14,98101
1417,Male,35-44,16,10472
1418,Male,18-24,4,48197
1419,Female,25-34,1,95336
1420,Male,18-24,4,01375
1421,Female,<18,10,53704
1422,Male,35-44,17,55934
1423,Male,25-34,4,08540
1424,Male,35-44,0,28209
1425,Male,<18,10,08872
1426,Male,18-24,14,94070
1427,Male,25-34,12,21401
1428,Female,45-49,11,40204
1429,Female,35-44,3,11229
1430,Male,18-24,4,97215
1431,Male,56+,6,91011
1432,Male,35-44,1,94549
1433,Female,18-24,14,49505
1434,Female,<18,10,495321
1435,Male,25-34,14,48103
1436,Female,50-55,6,97005
1437,Male,50-55,3,89102
1438,Male,18-24,2,21222
1439,Male,35-44,3,98037
1440,Male,35-44,12,94520
1441,Male,35-44,16,54729
1442,Male,18-24,2,12345
1443,Male,35-44,2,98055
1444,Female,25-34,4,91106
1445,Male,25-34,2,98109
1446,Male,35-44,12,10128
1447,Male,18-24,4,80521
1448,Female,25-34,3,17522
1449,Male,35-44,20,17112
1450,Male,18-24,4,94704
1451,Male,35-44,20,90012
1452,Female,56+,13,90732
1453,Male,25-34,14,19444
1454,Male,18-24,4,93117
1455,Female,45-49,0,92126
1456,Male,25-34,2,98074
1457,Male,25-34,1,95472
1458,Male,<18,0,08055
1459,Female,25-34,0,80027
1460,Female,18-24,4,95132
1461,Female,45-49,0,94115
1462,Male,35-44,16,95405
1463,Male,50-55,16,92612-3417
1464,Male,35-44,12,75063
1465,Male,50-55,16,93003
1466,Male,18-24,4,29201
1467,Male,25-34,5,97007
1468,Male,<18,14,19147
1469,Male,56+,20,95420
1470,Male,18-24,4,94118
1471,Male,25-34,17,11106
1472,Male,25-34,7,90248
1473,Male,25-34,14,06511
1474,Male,25-34,4,98115
1475,Female,25-34,2,75075
1476,Female,18-24,0,91030
1477,Female,45-49,1,90601
1478,Male,<18,10,92620
1479,Female,50-55,2,94501
1480,Male,25-34,20,91367
1481,Male,35-44,17,77096
1482,Male,25-34,7,94132
1483,Male,18-24,4,54481
1484,Male,25-34,12,07054
1485,Female,25-34,9,80538
1486,Male,25-34,16,90638
1487,Male,35-44,7,07644
1488,Male,25-34,7,94538
1489,Female,35-44,2,60201
1490,Male,50-55,7,90505
1491,Male,18-24,4,06511
1492,Male,25-34,12,98102
1493,Female,25-34,14,60657
1494,Male,25-34,17,38104
1495,Male,18-24,0,77341
1496,Male,25-34,17,94108
1497,Male,50-55,5,80220
1498,Male,18-24,4,02139
1499,Male,<18,10,19343
1500,Male,25-34,17,98115
1501,Male,25-34,11,75801
1502,Male,18-24,4,12188
1503,Male,25-34,12,92688
1504,Male,18-24,19,22030
1505,Male,50-55,11,90041
1506,Male,25-34,7,08550
1507,Male,35-44,17,95476
1508,Female,<18,10,94539
1509,Male,<18,0,11803
1510,Female,25-34,1,48067
1511,Male,35-44,12,08902
1512,Male,25-34,20,11102
1513,Female,35-44,16,95003
1514,Male,18-24,4,97215
1515,Male,25-34,16,48324
1516,Female,25-34,12,53154
1517,Male,18-24,0,10002
1518,Male,25-34,2,95831
1519,Male,18-24,4,38120
1520,Male,25-34,17,94506
1521,Female,25-34,7,08902
1522,Male,35-44,20,10025
1523,Male,25-34,17,95209
1524,Male,18-24,4,06459
1525,Female,25-34,16,94706
1526,Male,56+,17,80538
1527,Male,18-24,10,78230
1528,Male,25-34,15,94903
1529,Male,18-24,4,97266
1530,Male,25-34,4,53711
1531,Male,45-49,17,60462
1532,Male,18-24,14,43613
1533,Male,45-49,1,71711
1534,Male,50-55,12,12184
1535,Female,18-24,20,90036
1536,Female,35-44,3,83001
1537,Male,18-24,20,02446
1538,Male,25-34,3,22601
1539,Male,25-34,3,02359
1540,Male,45-49,0,97214
1541,Male,56+,17,23464-3016
1542,Male,18-24,17,12054
1543,Male,25-34,11,10549
1544,Male,25-34,12,63146
1545,Male,25-34,20,20009
1546,Male,25-34,4,22903
1547,Male,56+,13,02115
1548,Male,35-44,1,53703
1549,Male,35-44,6,20901
1550,Male,18-24,4,11580
1551,Male,25-34,11,20008
1552,Male,45-49,20,10021
1553,Female,25-34,15,64116
1554,Female,35-44,12,17013
1555,Female,18-24,0,20008
1556,Male,18-24,4,48073
1557,Female,18-24,4,10039
1558,Male,18-24,6,60611
1559,Male,35-44,8,10014
1560,Female,25-34,3,85226
1561,Female,18-24,4,11214
1562,Male,18-24,20,43611
1563,Female,<18,10,87123
1564,Male,50-55,1,01096
1565,Male,45-49,17,78731
1566,Male,35-44,16,77550
1567,Male,25-34,12,06511
1568,Female,<18,10,94086
1569,Female,56+,13,07701
1570,Male,18-24,17,75093
1571,Male,25-34,20,98033
1572,Female,25-34,3,02155
1573,Male,<18,0,77479
1574,Male,25-34,6,81007
1575,Female,50-55,7,94949
1576,Female,45-49,9,85202
1577,Male,56+,0,72227-5733
1578,Male,18-24,4,22201
1579,Male,25-34,0,60201
1580,Female,18-24,4,76201
1581,Female,18-24,4,10003
1582,Male,18-24,0,10705
1583,Male,35-44,6,94115
1584,Male,25-34,19,45701
1585,Male,56+,20,92315
1586,Male,45-49,7,77351
1587,Female,25-34,3,30308
1588,Male,25-34,11,22043
1589,Male,25-34,0,95136
1590,Male,35-44,1,95003
1591,Male,50-55,7,26501
1592,Male,35-44,7,50111
1593,Male,25-34,16,78411
1594,Female,35-44,20,10013
1595,Male,35-44,1,92683-1892
1596,Female,18-24,5,48108
1597,Male,25-34,12,10002
1598,Male,35-44,13,76548
1599,Male,25-34,0,92646
1600,Male,35-44,7,08234
1601,Male,25-34,12,83001
1602,Female,25-34,7,10562
1603,Female,25-34,0,13326
1604,Male,25-34,11,50111
1605,Female,18-24,0,28270
1606,Female,35-44,3,55405
1607,Male,45-49,1,02135
1608,Male,25-34,11,75230
1609,Female,35-44,9,06830
1610,Male,25-34,11,55555
1611,Male,25-34,0,03867
1612,Male,25-34,17,11354
1613,Male,18-24,20,61801
1614,Male,35-44,0,90027
1615,Female,45-49,7,10022
1616,Male,25-34,0,16101
1617,Male,25-34,12,44060
1618,Male,50-55,0,44139
1619,Male,50-55,3,48843
1620,Male,25-34,20,48009
1621,Male,25-34,4,11423
1622,Male,18-24,4,53715
1623,Male,50-55,15,07746
1624,Male,25-34,0,06810
1625,Male,45-49,0,04330
1626,Male,18-24,4,10010
1627,Male,18-24,17,91505
1628,Male,18-24,20,90028
1629,Male,18-24,4,10003
1630,Male,45-49,17,91355
1631,Female,50-55,0,94514
1632,Male,25-34,16,94120
1633,Female,45-49,7,99701
1634,Female,56+,0,38340
1635,Male,25-34,0,97212
1636,Female,25-34,19,60612
1637,Male,56+,0,90049
1638,Female,18-24,17,95405
1639,Male,25-34,17,95405
1640,Male,35-44,17,95610
1641,Male,25-34,0,95819
1642,Male,50-55,13,62002
1643,Male,45-49,2,90813
1644,Male,18-24,12,90210
1645,Female,18-24,9,62225
1646,Male,25-34,20,90046
1647,Male,18-24,18,98118
1648,Male,50-55,14,85202
1649,Male,18-24,19,98034
1650,Male,25-34,19,94607
1651,Male,25-34,12,94520
1652,Male,25-34,16,98208
1653,Male,18-24,0,94044
1654,Female,45-49,0,94114
1655,Male,18-24,4,94507
1656,Male,25-34,17,94122
1657,Female,45-49,0,10022
1658,Female,35-44,6,94214
1659,Female,18-24,9,99703
1660,Female,25-34,2,94577
1661,Male,35-44,7,80526
1662,Male,25-34,12,94121
1663,Male,18-24,4,77845
1664,Female,18-24,4,76707
1665,Male,45-49,17,87505
1666,Male,25-34,14,15241
1667,Male,50-55,16,98516
1668,Male,35-44,2,95602
1669,Female,25-34,17,75006
1670,Female,56+,13,95320
1671,Male,35-44,0,98368
1672,Male,25-34,17,93933
1673,Male,<18,10,98043-3621
1674,Male,35-44,2,95816
1675,Female,25-34,6,97116
1676,Male,18-24,4,91301
1677,Male,18-24,14,97123
1678,Female,18-24,17,97070
1679,Male,25-34,12,98052
1680,Male,25-34,20,95380
1681,Male,18-24,4,78705
1682,Male,25-34,2,98102
1683,Female,25-34,7,98109
1684,Male,18-24,3,85226
1685,Male,35-44,12,95833
1686,Male,35-44,12,94062
1687,Male,25-34,3,85013
1688,Female,18-24,4,34243
1689,Male,35-44,5,98465
1690,Male,35-44,16,98029
1691,Female,25-34,17,85301
1692,Male,35-44,20,97333
1693,Male,25-34,12,98684
1694,Male,25-34,12,98116
1695,Male,25-34,1,97206
1696,Male,35-44,7,95765
1697,Female,18-24,4,98052
1698,Male,35-44,2,97214
1699,Female,25-34,19,98102
1700,Male,25-34,20,98119
1701,Female,25-34,4,97233
1702,Male,18-24,10,97303
1703,Male,18-24,15,77047
1704,Male,25-34,4,98926
1705,Female,18-24,4,85033
1706,Male,25-34,20,19134
1707,Male,50-55,1,95070
1708,Male,25-34,0,64106
1709,Male,25-34,0,73147
1710,Male,18-24,0,94530
1711,Female,18-24,4,30134
1712,Male,25-34,0,73003
1713,Male,25-34,0,47421
1714,Male,25-34,17,43212
1715,Male,25-34,16,53406
1716,Male,25-34,0,43229
1717,Female,50-55,6,30307
1718,Male,18-24,4,43235
1719,Male,18-24,16,60523
1720,Male,18-24,4,94720
1721,Male,18-24,19,70043
1722,Male,35-44,0,72058
1723,Male,35-44,17,60103
1724,Male,18-24,4,00961
1725,Male,18-24,19,67218
1726,Male,25-34,2,60160
1727,Male,35-44,16,50317
1728,Male,18-24,4,11710-1641
1729,Male,25-34,7,53715
1730,Female,18-24,4,60137
1731,Female,18-24,0,91601
1732,Male,18-24,4,13655
1733,Male,18-24,14,43725
1734,Male,45-49,17,94602
1735,Male,18-24,20,30605
1736,Male,56+,8,00606
1737,Male,35-44,20,46614
1738,Male,35-44,16,30034
1739,Male,56+,16,77079
1740,Male,56+,1,96153
1741,Male,35-44,7,91107
1742,Male,25-34,15,08109
1743,Male,35-44,17,77566
1744,Male,35-44,12,50325
1745,Male,45-49,0,94114
1746,Male,25-34,4,33157
1747,Male,25-34,0,90638
1748,Male,50-55,1,04240
1749,Male,25-34,2,10040
1750,Male,50-55,5,10128
1751,Male,35-44,20,77024
1752,Male,25-34,3,96813
1753,Male,35-44,6,90803
1754,Male,18-24,19,27028
1755,Female,18-24,4,77005
1756,Female,25-34,1,75149
1757,Male,25-34,4,75206
1758,Female,25-34,0,33067-1400
1759,Male,25-34,16,22112
1760,Female,25-34,3,90016
1761,Male,35-44,0,72058
1762,Male,25-34,14,75230
1763,Male,35-44,7,76248
1764,Male,18-24,0,75149
1765,Male,18-24,4,13655
1766,Female,45-49,0,94566
1767,Male,25-34,20,75205
1768,Male,45-49,16,75067
1769,Male,25-34,17,75240
1770,Male,35-44,16,79605
1771,Male,25-34,17,75044
1772,Male,56+,2,90680
1773,Male,18-24,4,07030
1774,Male,25-34,17,99003
1775,Male,25-34,4,70115
1776,Male,25-34,0,45801
1777,Male,25-34,20,17022
1778,Male,18-24,4,94704
1779,Male,18-24,1,78133
1780,Male,35-44,1,22181
1781,Female,35-44,0,08009
1782,Male,45-49,0,23454
1783,Male,18-24,4,10027
1784,Male,18-24,20,18104
1785,Male,18-24,4,04901
1786,Male,45-49,1,85721
1787,Male,18-24,8,90210
1788,Male,45-49,2,19104
1789,Male,<18,10,19116
1790,Male,25-34,0,19152
1791,Male,18-24,4,19146
1792,Female,25-34,2,53523
1793,Male,25-34,4,20008
1794,Male,25-34,11,20878
1795,Male,18-24,17,20724
1796,Male,50-55,11,20852
1797,Male,35-44,7,52003
1798,Male,45-49,11,22204
1799,Male,35-44,11,70118
1800,Male,18-24,4,70118
1801,Female,25-34,6,54729
1802,Male,18-24,4,22903
1803,Male,25-34,2,50021
1804,Male,25-34,7,22314
1805,Male,18-24,4,22401
1806,Male,18-24,4,22032
1807,Male,18-24,17,20742
1808,Female,18-24,4,22031
1809,Female,25-34,14,12189
1810,Male,50-55,13,90210
1811,Male,56+,2,08825
1812,Female,25-34,12,48103
1813,Female,35-44,6,90035
1814,Male,50-55,7,10014
1815,Male,<18,1,30707
1816,Female,35-44,9,56007
1817,Male,35-44,1,53706
1818,Male,<18,8,02254
1819,Female,35-44,12,45249
1820,Male,25-34,20,50265
1821,Male,25-34,20,43315
1822,Female,25-34,0,53713
1823,Female,35-44,1,92801
1824,Female,18-24,4,43560
1825,Male,25-34,7,50310
1826,Male,45-49,11,49265
1827,Female,25-34,1,07721
1828,Male,18-24,4,07030
1829,Male,25-34,16,07302
1830,Male,18-24,4,12180
1831,Male,18-24,4,53190
1832,Female,18-24,4,14433
1833,Male,18-24,17,07030
1834,Male,35-44,5,10990
1835,Male,25-34,19,11501
1836,Male,25-34,0,10016
1837,Male,25-34,2,08817
1838,Male,35-44,7,10011
1839,Male,18-24,4,07940
1840,Male,25-34,12,11217
1841,Male,18-24,0,95037
1842,Male,18-24,4,53190
1843,Male,25-34,12,10014
1844,Female,18-24,4,53711
1845,Male,25-34,2,10002
1846,Male,45-49,12,95051
1847,Male,18-24,4,60047
1848,Male,35-44,5,10011
1849,Male,35-44,7,11747
1850,Male,18-24,5,12582
1851,Male,25-34,19,59602
1852,Male,25-34,12,10036
1853,Male,50-55,0,90803
1854,Male,25-34,0,92346
1855,Male,18-24,4,93004
1856,Male,56+,7,92065
1857,Male,<18,10,92106
1858,Female,18-24,4,59715
1859,Female,25-34,4,66049
1860,Male,56+,16,94591
1861,Male,50-55,16,92129
1862,Male,50-55,14,95129
1863,Male,18-24,4,90048
1864,Male,35-44,7,94306
1865,Female,18-24,1,94606
1866,Male,25-34,7,94043
1867,Male,50-55,7,95008
1868,Male,50-55,11,92346
1869,Male,45-49,14,95148
1870,Male,56+,13,85248
1871,Female,45-49,1,46774
1872,Male,50-55,20,92106
1873,Male,35-44,7,02127
1874,Male,45-49,7,95076
1875,Male,35-44,12,94107
1876,Male,25-34,12,92024
1877,Female,45-49,20,90069
1878,Male,<18,10,92846
1879,Male,25-34,4,29732
1880,Male,35-44,0,91006
1881,Male,35-44,2,95008
1882,Male,35-44,16,92352
1883,Female,50-55,0,94521
1884,Male,45-49,20,93108
1885,Male,50-55,17,94611
1886,Male,25-34,12,94086
1887,Male,56+,15,92119
1888,Male,35-44,12,95124
1889,Male,18-24,14,80023
1890,Male,50-55,6,94702
1891,Male,45-49,1,91335
1892,Male,25-34,20,90066
1893,Female,35-44,0,90024
1894,Female,35-44,7,94602
1895,Male,35-44,14,89119
1896,Male,56+,13,92115
1897,Female,50-55,2,94530
1898,Male,25-34,12,91101
1899,Female,45-49,6,02135
1900,Male,56+,12,94109
1901,Male,50-55,7,94024
1902,Male,25-34,19,93536
1903,Male,35-44,0,90401
1904,Male,18-24,1,30115
1905,Female,35-44,20,94118
1906,Female,25-34,5,91311
1907,Male,35-44,17,94804
1908,Male,56+,13,95129
1909,Male,18-24,4,89146
1910,Male,<18,10,94707
1911,Female,18-24,4,92805
1912,Male,25-34,4,91325
1913,Male,25-34,17,95126
1914,Female,35-44,14,95051
1915,Male,50-55,13,01938
1916,Male,45-49,7,90405
1917,Male,18-24,10,92704
1918,Female,45-49,6,95209
1919,Male,<18,0,94525
1920,Female,35-44,7,80122
1921,Male,56+,12,92780
1922,Female,25-34,7,94303
1923,Male,35-44,7,90026
1924,Female,56+,6,90630
1925,Male,50-55,7,92886
1926,Female,<18,0,95404
1927,Male,35-44,7,94806
1928,Male,<18,10,94501
1929,Female,<18,10,91107
1930,Male,25-34,15,94550
1931,Male,25-34,2,94114
1932,Male,25-34,7,94114
1933,Male,18-24,19,94703
1934,Male,25-34,17,95014
1935,Male,<18,10,90405
1936,Male,35-44,0,90026
1937,Male,25-34,11,92335
1938,Female,25-34,2,91351
1939,Female,35-44,2,94930
1940,Male,25-34,12,95158
1941,Male,35-44,17,94550
1942,Male,35-44,5,04901
1943,Male,18-24,4,91501
1944,Female,18-24,4,93107
1945,Male,25-34,20,92866
1946,Male,25-34,14,94110
1947,Male,25-34,7,94041
1948,Male,<18,10,93111
1949,Male,18-24,17,92595
1950,Male,25-34,12,49024
1951,Female,18-24,4,90630
1952,Male,35-44,1,91030
1953,Female,25-34,2,94566
1954,Male,25-34,16,91402
1955,Male,<18,19,03109
1956,Male,35-44,0,44280
1957,Female,18-24,4,23185
1958,Female,25-34,1,17055
1959,Female,50-55,13,53092
1960,Male,45-49,7,55555
1961,Female,50-55,3,91911
1962,Female,18-24,1,60914
1963,Female,50-55,9,91941
1964,Female,25-34,6,89523
1965,Male,56+,17,48304
1966,Male,25-34,20,93637
1967,Male,50-55,7,92116
1968,Male,25-34,11,85258
1969,Female,25-34,3,92116
1970,Male,50-55,13,89052
1971,Female,25-34,14,80230
1972,Male,45-49,17,92111
1973,Male,25-34,1,22903
1974,Male,35-44,17,12159
1975,Male,18-24,4,97361
1976,Male,35-44,5,58703
1977,Male,56+,6,02726
1978,Male,<18,10,43357
1979,Male,56+,17,49506
1980,Male,35-44,7,06460
1981,Male,56+,1,80303
1982,Male,<18,10,80540
1983,Male,25-34,14,92109
1984,Male,18-24,10,92130
1985,Male,45-49,12,92122
1986,Male,50-55,13,91977
1987,Male,25-34,17,62629
1988,Female,25-34,1,85224
1989,Male,50-55,6,02090
1990,Male,25-34,7,85257
1991,Male,25-34,20,48309
1992,Male,18-24,4,85259
1993,Male,35-44,17,99508
1994,Male,35-44,2,89012
1995,Male,25-34,1,85364
1996,Male,35-44,0,85621
1997,Male,25-34,0,84108
1998,Female,50-55,9,24018
1999,Female,35-44,3,02113
2000,Male,18-24,4,44685
2001,Male,50-55,1,48197
2002,Female,56+,13,02136-1522
2003,Male,<18,10,80014
2004,Male,45-49,19,53572
2005,Male,18-24,4,58601
2006,Male,35-44,0,66048
2007,Male,50-55,16,80442
2008,Male,25-34,3,48220
2009,Female,35-44,7,60625
2010,Male,18-24,4,81520
2011,Female,35-44,3,01545
2012,Male,25-34,4,49456
2013,Male,45-49,0,60543
2014,Male,18-24,4,53233
2015,Male,18-24,4,01003
2016,Female,56+,2,20783
2017,Male,25-34,17,35808
2018,Male,35-44,16,46214
2019,Male,50-55,1,27705
2020,Male,25-34,7,45011
2021,Male,25-34,0,61364
2022,Male,25-34,7,60137
2023,Male,18-24,4,56001
2024,Male,<18,19,06614
2025,Male,56+,13,03440
2026,Male,50-55,16,49277
2027,Female,25-34,9,48021
2028,Male,45-49,6,44131
2029,Female,25-34,12,10011
2030,Male,25-34,4,77345
2031,Male,35-44,20,60640
2032,Male,50-55,14,44614
2033,Female,45-49,20,91436
2034,Female,45-49,2,01851
2035,Female,18-24,0,45212
2036,Female,25-34,14,90046
2037,Male,56+,14,02468
2038,Female,45-49,1,33301
2039,Male,50-55,16,60060
2040,Female,25-34,7,02494
2041,Female,25-34,20,24015
2042,Male,<18,10,79358
2043,Male,25-34,14,37931
2044,Female,45-49,0,49408
2045,Female,<18,0,24179
2046,Male,35-44,1,91711
2047,Male,<18,10,06437
2048,Male,50-55,6,49456
2049,Female,50-55,0,13210
2050,Female,35-44,3,99504
2051,Male,35-44,7,93906
2052,Male,<18,10,46033
2053,Male,45-49,11,06416
2054,Male,25-34,12,03110
2055,Male,50-55,11,49008
2056,Male,25-34,4,56301
2057,Male,35-44,1,49417
2058,Female,56+,1,06437
2059,Male,35-44,0,44130
2060,Male,<18,1,48304
2061,Male,56+,1,44107
2062,Male,18-24,4,44646
2063,Male,25-34,4,43138
2064,Male,35-44,1,01020
2065,Male,25-34,6,46807
2066,Female,25-34,6,53202
2067,Male,50-55,16,06430
2068,Female,35-44,12,43528
2069,Male,56+,15,79068
2070,Female,35-44,6,13210
2071,Male,45-49,7,01605
2072,Female,50-55,12,21133
2073,Female,18-24,4,13148
2074,Male,18-24,4,48197
2075,Female,25-34,4,13210
2076,Male,18-24,4,13165
2077,Male,18-24,0,55112
2078,Male,18-24,4,13323
2079,Male,<18,10,45241
2080,Male,25-34,11,37931
2081,Male,18-24,17,49445
2082,Male,<18,19,48323
2083,Male,18-24,4,64920
2084,Male,18-24,4,23186
2085,Male,18-24,0,06360
2086,Male,35-44,14,48328
2087,Male,25-34,0,37923-3112
2088,Male,50-55,7,60618
2089,Male,35-44,17,17601
2090,Male,35-44,17,48313
2091,Female,35-44,20,48044
2092,Male,56+,1,49006
2093,Male,18-24,0,48322
2094,Male,35-44,2,60061
2095,Male,56+,13,58504
2096,Female,25-34,17,33990
2097,Male,18-24,5,48504
2098,Male,35-44,20,48067
2099,Female,18-24,0,48823
2100,Female,25-34,0,24017
2101,Male,25-34,16,48309
2102,Male,25-34,11,48825
2103,Male,35-44,12,03062
2104,Male,45-49,15,60035
2105,Male,25-34,1,24060
2106,Female,18-24,20,495321
2107,Male,25-34,1,24060
2108,Male,<18,10,60462
2109,Male,25-34,16,13090
2110,Male,50-55,11,46802
2111,Male,56+,13,32806
2112,Female,45-49,12,23116
2113,Male,25-34,6,04456
2114,Male,18-24,18,21740
2115,Male,35-44,17,01519
2116,Male,18-24,4,49546
2117,Male,56+,13,49307
2118,Male,25-34,14,02148
2119,Male,35-44,4,10036
2120,Male,<18,0,02780
2121,Male,56+,13,02356
2122,Male,35-44,12,61614
2123,Female,35-44,0,13064
2124,Male,25-34,0,12306
2125,Male,35-44,3,46033
2126,Male,56+,14,02632
2127,Male,18-24,4,12309
2128,Female,45-49,1,46737
2129,Male,25-34,5,04103
2130,Male,45-49,0,03060
2131,Male,25-34,0,01701
2132,Male,56+,14,02632
2133,Female,<18,10,01607
2134,Male,18-24,10,02780
2135,Male,50-55,1,01778
2136,Male,35-44,18,13027
2137,Female,<18,10,00681
2138,Female,18-24,4,88119
2139,Female,50-55,3,33615
2140,Male,45-49,14,46804
2141,Female,50-55,16,48706
2142,Female,45-49,14,46804
2143,Male,18-24,4,32607
2144,Male,18-24,0,46517
2145,Male,18-24,10,32750
2146,Male,18-24,2,96002
2147,Female,18-24,0,60641
2148,Female,18-24,0,81301
2149,Male,25-34,0,60089
2150,Female,18-24,4,22904
2151,Male,56+,13,33316
2152,Male,18-24,4,22807
2153,Male,18-24,16,97405
2154,Male,25-34,12,68508
2155,Female,<18,10,50246
2156,Male,18-24,19,55912
2157,Female,18-24,3,45244
2158,Male,25-34,12,60618
2159,Female,50-55,14,60618
2160,Female,18-24,19,46556
2161,Female,35-44,2,95521
2162,Female,<18,10,35810
2163,Male,18-24,0,87122
2164,Male,35-44,0,95826
2165,Male,25-34,7,32836
2166,Male,<18,10,99203
2167,Female,25-34,6,95833
2168,Male,<18,10,60202
2169,Male,<18,0,95451
2170,Female,50-55,16,99114
2171,Male,35-44,0,48103
2172,Male,18-24,20,60641
2173,Male,50-55,13,87502
2174,Male,50-55,12,87505
2175,Male,25-34,4,99217
2176,Male,<18,19,73505
2177,Female,35-44,20,95451
2178,Male,45-49,14,85251
2179,Female,25-34,0,28304
2180,Male,25-34,12,27713-9225
2181,Male,25-34,0,45245
2182,Female,25-34,4,60443
2183,Female,56+,1,11795
2184,Male,18-24,4,45403
2185,Male,45-49,17,27502
2186,Male,18-24,5,41018
2187,Male,45-49,16,60126
2188,Female,18-24,19,60641
2189,Male,<18,10,60148
2190,Female,25-34,15,27603
2191,Male,18-24,4,45231
2192,Female,25-34,0,27713
2193,Male,<18,10,41011
2194,Male,25-34,17,45233
2195,Male,<18,10,60148
2196,Male,25-34,12,45140
2197,Female,25-34,1,27515
2198,Female,35-44,9,46815
2199,Male,<18,10,60613
2200,Male,35-44,1,60016
2201,Male,56+,20,46804
2202,Female,<18,10,11743
2203,Male,45-49,12,53718
2204,Male,56+,3,94941
2205,Female,25-34,7,10016
2206,Male,45-49,7,11201
2207,Male,18-24,4,07508
2208,Male,25-34,0,10006
2209,Male,35-44,7,10011
2210,Male,45-49,17,88005-4313
2211,Male,45-49,6,01950
2212,Male,18-24,4,80521
2213,Female,25-34,0,60622
2214,Female,25-34,1,46807
2215,Female,25-34,0,93940
2216,Female,25-34,20,60612
2217,Male,<18,10,44906
2218,Male,35-44,17,64153
2219,Male,25-34,6,60060
2220,Female,50-55,3,95451-9554
2221,Male,56+,17,94931
2222,Female,45-49,1,13088
2223,Male,25-34,2,60123
2224,Male,25-34,12,60025
2225,Male,25-34,5,96815
2226,Female,25-34,7,27514
2227,Male,50-55,14,60016
2228,Male,25-34,12,60025
2229,Male,45-49,0,61821
2230,Female,45-49,1,60302
2231,Male,50-55,11,85726
2232,Male,25-34,14,60061
2233,Female,35-44,3,60187
2234,Male,56+,1,85718
2235,Male,<18,10,46324
2236,Male,<18,10,96782
2237,Female,35-44,6,14905
2238,Female,25-34,4,32607
2239,Male,18-24,10,60148
2240,Male,45-49,12,64117
2241,Male,45-49,5,60647
2242,Male,18-24,4,60115
2243,Male,45-49,2,86701
2244,Male,<18,10,60565
2245,Male,<18,10,60007
2246,Male,25-34,0,60622
2247,Male,45-49,2,60613
2248,Female,35-44,12,46755
2249,Male,25-34,5,60466
2250,Male,18-24,19,60010
2251,Male,35-44,14,60626
2252,Female,18-24,1,01562
2253,Female,50-55,0,46815
2254,Male,35-44,5,33317
2255,Female,35-44,6,44303
2256,Female,45-49,15,59840
2257,Female,18-24,4,59715
2258,Female,18-24,4,10033
2259,Female,56+,16,70503
2260,Female,25-34,20,46835
2261,Male,25-34,5,33025
2262,Male,45-49,17,48116
2263,Male,25-34,6,70508
2264,Female,45-49,7,37877
2265,Male,56+,13,60506
2266,Female,50-55,2,48118
2267,Female,56+,13,37774
2268,Female,35-44,1,46774
2269,Female,45-49,0,11217
2270,Male,18-24,1,14620
2271,Male,50-55,14,13210
2272,Male,25-34,0,71731
2273,Male,25-34,6,23235
2274,Male,18-24,2,31401
2275,Male,56+,7,39211
2276,Male,56+,13,44143
2277,Female,45-49,9,13035
2278,Male,50-55,17,01536
2279,Male,50-55,7,08816
2280,Male,56+,6,74105
2281,Male,45-49,11,48104
2282,Male,50-55,2,32117
2283,Male,35-44,18,44708
2284,Male,25-34,20,90024
2285,Female,<18,10,13090
2286,Male,35-44,17,82604
2287,Male,56+,0,06082
2288,Male,<18,10,13066
2289,Female,50-55,1,52002
2290,Male,25-34,0,61021
2291,Male,45-49,1,13214
2292,Male,50-55,15,13039
2293,Female,56+,3,48130
2294,Male,56+,13,48108
2295,Male,45-49,11,72316
2296,Female,25-34,6,22923
2297,Male,56+,13,52003
2298,Male,35-44,17,77584
2299,Female,18-24,10,13090
2300,Male,56+,13,49423
2301,Female,25-34,12,02478
2302,Male,50-55,12,48104
2303,Male,50-55,17,08055
2304,Male,45-49,12,94103
2305,Male,50-55,20,48104
2306,Female,18-24,4,02138
2307,Male,25-34,17,02140
2308,Female,45-49,16,48103
2309,Female,45-49,0,08901
2310,Male,45-49,12,48130
2311,Female,25-34,4,22902
2312,Male,45-49,0,13131
2313,Female,50-55,6,48103-4711
2314,Female,25-34,1,13210
2315,Male,56+,7,48114
2316,Male,35-44,0,13207
2317,Female,45-49,9,57108
2318,Male,56+,7,48114
2319,Male,35-44,7,48104
2320,Female,50-55,1,06043
2321,Male,25-34,7,30115
2322,Female,56+,13,48105
2323,Male,35-44,3,13088
2324,Male,35-44,17,50321
2325,Female,18-24,4,27708
2326,Male,18-24,4,01040
2327,Male,18-24,10,48169
2328,Male,56+,7,13212
2329,Female,56+,15,97367
2330,Male,45-49,7,48103
2331,Male,56+,1,48104
2332,Male,56+,14,01545
2333,Male,50-55,6,13035
2334,Female,56+,7,01562
2335,Male,50-55,17,48197
2336,Male,35-44,18,13146
2337,Male,35-44,17,49424
2338,Male,45-49,17,13152
2339,Female,56+,3,52003
2340,Male,35-44,2,48104
2341,Male,56+,1,13210
2342,Male,35-44,3,48107
2343,Female,45-49,1,01604
2344,Male,25-34,12,02139
2345,Male,35-44,16,98031
2346,Female,<18,10,48105
2347,Male,35-44,1,48116
2348,Male,50-55,12,06082
2349,Male,25-34,8,50309
2350,Male,18-24,4,44312
2351,Female,25-34,0,11106
2352,Male,50-55,13,41076
2353,Female,35-44,9,61270
2354,Male,35-44,11,94306
2355,Female,45-49,9,13203
2356,Female,50-55,16,13207
2357,Female,35-44,14,13316
2358,Female,56+,6,06074
2359,Male,56+,13,13685
2360,Male,50-55,6,13210
2361,Male,56+,7,49423
2362,Male,25-34,14,94110
2363,Male,50-55,14,95823
2364,Female,56+,9,13078
2365,Male,50-55,7,13203
2366,Female,45-49,16,01532
2367,Female,25-34,9,49424
2368,Female,56+,13,13057
2369,Male,35-44,14,06040
2370,Male,50-55,1,13215
2371,Female,35-44,7,06082
2372,Female,45-49,7,01602
2373,Male,45-49,7,94109
2374,Male,25-34,14,94404
2375,Female,50-55,7,13027
2376,Male,25-34,1,13210
2377,Male,35-44,0,06108
2378,Male,25-34,3,75150
2379,Male,18-24,18,13045
2380,Male,25-34,4,22903
2381,Female,35-44,9,13066
2382,Male,50-55,13,59715
2383,Female,25-34,14,95125
2384,Male,35-44,17,62034
2385,Female,45-49,2,01545
2386,Female,25-34,0,06040
2387,Male,25-34,17,32224
2388,Male,56+,5,06082
2389,Male,25-34,16,37922
2390,Female,25-34,6,33076
2391,Male,50-55,18,13126
2392,Female,56+,3,06040
2393,Male,56+,13,13123
2394,Male,35-44,6,37923
2395,Male,35-44,7,08021
2396,Female,18-24,0,22102
2397,Female,35-44,11,43201
2398,Male,25-34,0,98122
2399,Male,35-44,17,11355
2400,Female,25-34,16,95687
2401,Male,25-34,4,22901
2402,Male,45-49,17,32024
2403,Male,18-24,4,37743
2404,Male,18-24,7,64055
2405,Male,50-55,8,78065
2406,Female,56+,12,01520
2407,Male,35-44,16,11358
2408,Female,45-49,1,01609
2409,Female,35-44,9,06074
2410,Male,56+,7,06071
2411,Female,35-44,14,01536
2412,Male,56+,13,01501
2413,Female,56+,7,06118
2414,Male,25-34,1,49503
2415,Male,25-34,7,22407
2416,Male,45-49,7,01531
2417,Male,45-49,1,53045
2418,Female,<18,10,06074
2419,Male,25-34,0,06096
2420,Male,50-55,7,37938
2421,Male,35-44,7,44306
2422,Female,50-55,9,02865
2423,Female,45-49,9,01520
2424,Male,25-34,17,95035
2425,Female,35-44,14,45243
2426,Male,56+,0,01606
2427,Female,25-34,14,94010
2428,Male,45-49,17,45255
2429,Male,25-34,2,22903
2430,Male,25-34,4,22902
2431,Female,25-34,4,22903
2432,Male,25-34,4,22903
2433,Male,25-34,4,22903
2434,Male,25-34,4,22901
2435,Male,25-34,4,22903
2436,Male,25-34,7,22902
2437,Male,25-34,4,22923
2438,Male,35-44,1,22903
2439,Male,45-49,17,48105
2440,Male,50-55,17,01430
2441,Female,45-49,6,42406
2442,Male,35-44,17,36830
2443,Female,35-44,0,49464
2444,Female,45-49,4,42420
2445,Male,25-34,0,48104
2446,Male,18-24,7,10038
2447,Male,25-34,14,03051
2448,Male,35-44,6,37932
2449,Male,56+,13,37922
2450,Male,45-49,16,01612
2451,Male,45-49,12,37853
2452,Male,45-49,7,01545
2453,Male,25-34,7,55429
2454,Male,18-24,0,97005
2455,Male,35-44,7,48197
2456,Male,25-34,5,48103
2457,Male,25-34,0,60656
2458,Male,25-34,7,85040
2459,Male,50-55,7,44313
2460,Female,50-55,1,36067
2461,Male,18-24,4,98117
2462,Male,35-44,1,44303
2463,Male,25-34,7,33916
2464,Female,18-24,4,44106
2465,Male,50-55,6,44333
2466,Male,25-34,15,94303
2467,Male,<18,10,44224
2468,Male,50-55,1,44240
2469,Male,25-34,4,90048
2470,Male,35-44,18,52001
2471,Male,50-55,13,98683
2472,Male,25-34,18,37922
2473,Male,25-34,12,98105
2474,Male,25-34,12,83815
2475,Female,25-34,18,98115
2476,Male,50-55,12,78703
2477,Male,45-49,0,42420
2478,Male,50-55,1,37922
2479,Female,25-34,1,23454
2480,Female,18-24,20,94410
2481,Male,35-44,14,03054
2482,Female,50-55,3,37772
2483,Male,56+,13,90503
2484,Male,45-49,5,31901
2485,Male,35-44,14,95746
2486,Male,18-24,12,98105
2487,Male,45-49,7,55438
2488,Female,45-49,2,31804
2489,Female,35-44,9,37843
2490,Male,25-34,12,94703
2491,Male,35-44,7,22904
2492,Female,45-49,2,37924
2493,Male,45-49,2,90631
2494,Male,18-24,4,52003
2495,Female,18-24,4,56401
2496,Male,50-55,1,37932
2497,Female,50-55,14,37922
2498,Male,56+,18,70817
2499,Male,50-55,0,36109
2500,Male,56+,1,29672
2501,Male,25-34,15,37923
2502,Male,56+,13,49423
2503,Male,35-44,17,19360
2504,Male,25-34,7,98115
2505,Male,25-34,7,55405
2506,Female,25-34,14,98225
2507,Male,25-34,4,94107
2508,Female,35-44,3,77429
2509,Male,25-34,5,36109
2510,Male,25-34,7,37930
2511,Male,25-34,7,15209
2512,Female,45-49,14,36109
2513,Male,56+,1,37922
2514,Male,56+,14,37922
2515,Male,45-49,12,37914
2516,Female,45-49,6,37909
2517,Female,35-44,9,53806
2518,Male,25-34,7,11793
2519,Female,45-49,2,14850
2520,Female,56+,2,95448
2521,Male,35-44,17,49424
2522,Male,18-24,11,60614
2523,Male,25-34,17,49423
2524,Female,56+,9,38558
2525,Female,35-44,1,37922
2526,Male,56+,13,37923
2527,Male,35-44,15,36109
2528,Male,56+,0,37922
2529,Female,35-44,9,95903
2530,Male,18-24,0,42420
2531,Female,45-49,7,52003
2532,Female,56+,13,37917
2533,Female,25-34,3,49423
2534,Female,50-55,6,37922
2535,Female,56+,2,03431
2536,Male,56+,13,37830
2537,Male,35-44,11,37620
2538,Male,56+,13,37923
2539,Male,35-44,7,32444
2540,Female,45-49,6,42420
2541,Female,35-44,5,49424
2542,Female,45-49,13,37922
2543,Female,35-44,0,42420
2544,Male,45-49,1,52001
2545,Male,56+,13,37830
2546,Female,56+,13,37931
2547,Female,35-44,0,37920
2548,Female,35-44,6,37919
2549,Male,56+,13,37938
2550,Male,50-55,7,37931
2551,Male,25-34,12,98133
2552,Female,25-34,9,29369
2553,Male,25-34,7,29369
2554,Male,25-34,1,97405
2555,Male,56+,7,10522
2556,Male,25-34,4,02430
2557,Female,18-24,19,02452
2558,Male,56+,17,53061
2559,Male,18-24,10,53207
2560,Female,45-49,6,84318
2561,Male,25-34,15,06460
2562,Male,18-24,0,98021
2563,Male,45-49,13,53132
2564,Female,35-44,20,43230
2565,Male,35-44,5,34786
2566,Male,35-44,17,94022
2567,Male,25-34,0,06451
2568,Male,25-34,17,31311
2569,Male,45-49,0,45248
2570,Female,56+,14,95005
2571,Male,35-44,17,20151
2572,Male,35-44,14,75005
2573,Male,45-49,16,94536
2574,Male,50-55,6,06511
2575,Male,35-44,7,76248
2576,Male,18-24,17,97030
2577,Male,25-34,7,77099
2578,Male,50-55,7,94107
2579,Male,35-44,15,91411
2580,Female,45-49,1,12538
2581,Male,25-34,11,60611
2582,Female,25-34,1,97201
2583,Male,35-44,7,19610
2584,Female,56+,1,94563
2585,Male,45-49,15,64081-8102
2586,Male,25-34,20,46802
2587,Male,35-44,7,55124
2588,Female,56+,13,78737
2589,Male,25-34,0,19004
2590,Male,18-24,4,94044
2591,Male,18-24,1,50310
2592,Male,50-55,7,80004-4448
2593,Male,56+,16,95816
2594,Male,35-44,7,31047
2595,Male,18-24,4,15213
2596,Male,50-55,7,48152
2597,Female,50-55,0,95616
2598,Male,25-34,17,20866
2599,Male,25-34,12,53154
2600,Male,25-34,14,19312
2601,Male,35-44,16,27613
2602,Male,45-49,12,92104
2603,Male,25-34,17,19126
2604,Male,25-34,0,45459
2605,Male,35-44,7,75013
2606,Male,50-55,7,34285
2607,Female,56+,0,48178
2608,Female,25-34,1,10025
2609,Female,50-55,12,55391
2610,Male,45-49,7,48322
2611,Male,25-34,3,07719
2612,Female,45-49,3,94560
2613,Male,35-44,1,92120
2614,Male,25-34,7,15205
2615,Male,25-34,7,21029
2616,Male,35-44,7,02657
2617,Female,45-49,15,60081
2618,Female,18-24,4,53538
2619,Male,35-44,12,95677
2620,Male,18-24,4,47306
2621,Male,18-24,0,46304
2622,Female,35-44,6,27516
2623,Male,56+,1,30345
2624,Female,35-44,0,44313
2625,Male,35-44,7,61910
2626,Male,56+,1,04056
2627,Male,25-34,1,06877
2628,Female,25-34,2,11217
2629,Male,25-34,11,15237
2630,Female,18-24,5,78704
2631,Female,50-55,1,14850
2632,Male,56+,0,43528
2633,Female,35-44,9,07728
2634,Male,56+,1,15701
2635,Male,35-44,0,06403
2636,Male,18-24,12,78750
2637,Female,35-44,20,44303
2638,Male,25-34,14,06405
2639,Female,25-34,6,80236
2640,Male,35-44,12,78230
2641,Male,25-34,6,19428
2642,Male,25-34,0,33073
2643,Male,45-49,17,99005
2644,Male,18-24,15,45215
2645,Male,25-34,7,60657
2646,Male,45-49,17,18049
2647,Female,35-44,11,15116
2648,Male,25-34,17,27707
2649,Male,25-34,16,80126
2650,Male,45-49,7,75080
2651,Male,56+,14,11779
2652,Male,35-44,20,84010
2653,Male,25-34,7,94109
2654,Female,35-44,9,48336
2655,Male,35-44,7,66224
2656,Male,56+,13,32837
2657,Female,<18,10,47403
2658,Male,25-34,7,60115
2659,Male,35-44,14,01060
2660,Male,56+,17,28704
2661,Male,56+,13,19312
2662,Male,25-34,17,02021
2663,Female,25-34,4,02215
2664,Male,35-44,7,52402
2665,Male,35-44,11,98443
2666,Male,45-49,16,63128
2667,Female,35-44,6,08043
2668,Female,25-34,4,94110
2669,Male,45-49,0,24541
2670,Male,35-44,6,94598
2671,Female,35-44,12,54220
2672,Male,35-44,7,04096
2673,Male,35-44,7,77040
2674,Male,25-34,4,94110
2675,Male,35-44,18,98664
2676,Male,56+,20,78731
2677,Female,35-44,7,66204
2678,Male,25-34,6,49707
2679,Female,18-24,4,02143
2680,Male,25-34,12,01864
2681,Female,25-34,4,48823
2682,Male,18-24,4,43210
2683,Male,35-44,7,60188
2684,Female,18-24,0,19143
2685,Male,45-49,7,02116
2686,Male,25-34,0,85283
2687,Male,<18,10,08805
2688,Male,25-34,17,54915
2689,Male,25-34,12,27511
2690,Male,25-34,7,24210
2691,Male,18-24,4,06459
2692,Female,18-24,4,14620
2693,Male,56+,13,72949
2694,Male,18-24,4,90024
2695,Male,35-44,11,46033
2696,Male,25-34,7,24210
2697,Female,50-55,17,87031
2698,Female,25-34,2,10028
2699,Female,56+,13,74128
2700,Male,25-34,7,30117
2701,Male,45-49,1,60115
2702,Male,45-49,6,65201
2703,Male,35-44,11,52803
2704,Male,56+,13,72764
2705,Male,25-34,1,27713
2706,Female,25-34,1,27713
2707,Male,56+,13,24060
2708,Male,25-34,7,44115
2709,Female,25-34,0,60660
2710,Male,35-44,17,94303
2711,Female,25-34,4,01075
2712,Female,18-24,19,33953
2713,Male,25-34,7,96811
2714,Male,18-24,4,96815
2715,Female,50-55,4,96822
2716,Female,50-55,4,96825
2717,Male,25-34,4,96826
2718,Female,25-34,4,96817
2719,Male,25-34,12,98100
2720,Male,35-44,0,20795
2721,Male,45-49,14,19382
2722,Male,35-44,7,22043
2723,Female,25-34,9,28147
2724,Female,45-49,2,27514
2725,Male,35-44,7,30071
2726,Male,45-49,11,02155
2727,Male,25-34,11,60603
2728,Male,35-44,12,27614
2729,Male,50-55,7,17402
2730,Male,35-44,11,48640
2731,Male,35-44,7,11050
2732,Male,45-49,17,92805
2733,Male,45-49,17,94002
2734,Female,18-24,4,02912
2735,Male,25-34,7,22903
2736,Male,45-49,12,80303
2737,Male,25-34,3,50311
2738,Female,50-55,2,22181
2739,Female,35-44,7,92316
2740,Male,45-49,17,22181
2741,Male,25-34,14,60614
2742,Male,25-34,17,36092
2743,Male,25-34,14,72601
2744,Male,18-24,17,53818
2745,Female,35-44,1,30345
2746,Male,50-55,14,50265-2850
2747,Female,18-24,4,90025
2748,Male,25-34,4,85719
2749,Male,25-34,12,10025
2750,Female,25-34,15,91360
2751,Female,25-34,16,28120
2752,Male,25-34,15,77006
2753,Female,50-55,20,27516
2754,Male,50-55,12,60148
2755,Male,35-44,7,29631
2756,Male,18-24,4,97331
2757,Male,25-34,2,10023
2758,Male,56+,8,12436
2759,Male,25-34,7,36102
2760,Male,56+,0,01886
2761,Male,35-44,6,80917
2762,Male,50-55,16,63131
2763,Female,18-24,4,48104
2764,Male,25-34,7,91403
2765,Male,50-55,7,02420
2766,Male,45-49,7,55016
2767,Male,25-34,0,99163
2768,Male,25-34,17,90210
2769,Male,25-34,7,20170
2770,Male,35-44,1,14260
2771,Male,18-24,1,92037
2772,Male,35-44,17,10025
2773,Male,35-44,2,78766
2774,Male,25-34,1,92103
2775,Female,18-24,4,90038
2776,Male,25-34,14,22205
2777,Male,18-24,4,95326
2778,Male,56+,13,94025
2779,Male,35-44,7,10040
2780,Male,25-34,17,94133
2781,Male,35-44,4,45205
2782,Female,18-24,4,48858
2783,Male,45-49,17,78750
2784,Male,50-55,20,20007
2785,Male,56+,13,29928
2786,Male,25-34,4,60201
2787,Male,25-34,4,60614
2788,Male,56+,1,90049
2789,Male,18-24,4,90025
2790,Male,25-34,20,85013
2791,Male,56+,7,10023
2792,Male,18-24,4,02452
2793,Male,35-44,7,70116
2794,Male,25-34,2,20036
2795,Male,50-55,13,33710
2796,Male,25-34,14,92104
2797,Female,25-34,7,94043
2798,Male,35-44,20,10038
2799,Male,18-24,0,55404
2800,Female,18-24,4,73070
2801,Female,25-34,3,12866
2802,Male,35-44,20,10036
2803,Male,25-34,7,94022
2804,Female,35-44,0,46234
2805,Male,56+,19,06040
2806,Male,<18,10,15208
2807,Female,35-44,11,22043
2808,Male,56+,16,60610
2809,Male,25-34,7,10016
2810,Female,<18,10,64093
2811,Male,25-34,19,94122
2812,Male,25-34,17,60607
2813,Male,25-34,20,55406
2814,Male,35-44,7,02127
2815,Male,35-44,17,60477
2816,Male,25-34,7,60015
2817,Male,35-44,12,53130
2818,Male,25-34,12,55106
2819,Male,45-49,14,44122
2820,Female,35-44,0,02138
2821,Male,18-24,20,10036
2822,Male,50-55,7,10003
2823,Male,25-34,4,02452
2824,Male,18-24,4,02111
2825,Female,25-34,20,94014
2826,Male,35-44,12,10011
2827,Male,25-34,17,94063
2828,Male,18-24,4,02454
2829,Male,45-49,20,10013
2830,Male,35-44,7,94506
2831,Male,25-34,0,32225
2832,Male,25-34,17,20036
2833,Male,25-34,15,85003
2834,Male,35-44,1,33304
2835,Male,35-44,20,60622
2836,Male,25-34,12,07974
2837,Male,18-24,0,49506
2838,Male,18-24,1,95864
2839,Male,25-34,17,10003
2840,Male,25-34,0,60660
2841,Male,50-55,12,98056
2842,Male,35-44,17,30145
2843,Female,25-34,4,78705
2844,Male,25-34,20,87103
2845,Male,25-34,4,74074
2846,Female,18-24,4,91604
2847,Male,18-24,4,10027
2848,Male,25-34,0,47401
2849,Male,45-49,11,94114
2850,Male,18-24,20,94608
2851,Female,25-34,7,94107
2852,Male,25-34,12,98037
2853,Male,<18,1,444555
2854,Female,18-24,4,64151
2855,Male,25-34,4,94102
2856,Male,35-44,11,22030
2857,Male,25-34,0,10469
2858,Female,<18,10,72601
2859,Male,18-24,1,95814
2860,Male,35-44,17,20009
2861,Male,25-34,15,06510
2862,Male,45-49,7,55066
2863,Female,25-34,2,27705
2864,Female,35-44,3,11725
2865,Female,25-34,6,21014
2866,Male,25-34,7,53717
2867,Male,45-49,17,15204
2868,Male,35-44,12,94025
2869,Male,50-55,17,07650
2870,Male,50-55,18,95472
2871,Female,25-34,14,98110
2872,Male,25-34,20,94014
2873,Female,18-24,4,64093
2874,Female,35-44,20,20036
2875,Male,25-34,2,10013
2876,Male,25-34,17,02149
2877,Male,35-44,1,80687
2878,Female,50-55,20,88005
2879,Male,18-24,4,60062
2880,Male,18-24,12,55405
2881,Female,25-34,12,77019
2882,Male,18-24,20,78759
2883,Male,18-24,20,30101
2884,Female,50-55,3,53222
2885,Female,18-24,1,80302
2886,Male,18-24,4,60073
2887,Male,25-34,3,66205
2888,Male,25-34,14,55438
2889,Male,35-44,3,55104
2890,Male,35-44,7,90069
2891,Female,18-24,4,66044
2892,Male,25-34,4,84064
2893,Male,25-34,1,94025
2894,Male,18-24,4,44130
2895,Male,25-34,11,07039
2896,Male,18-24,14,60073
2897,Male,25-34,5,97405
2898,Male,18-24,4,02453
2899,Male,35-44,14,94133
2900,Male,18-24,12,95120
2901,Male,25-34,17,78749
2902,Male,25-34,12,98007
2903,Male,25-34,16,20850
2904,Male,25-34,4,16802
2905,Male,35-44,17,55407
2906,Male,35-44,19,55421
2907,Female,35-44,5,12345
2908,Male,18-24,2,74403
2909,Male,25-34,7,43228
2910,Male,<18,19,75602
2911,Female,25-34,4,55455
2912,Female,18-24,4,48104
2913,Female,35-44,20,98119
2914,Male,25-34,4,92614
2915,Male,25-34,7,23423
2916,Male,45-49,2,98011
2917,Male,25-34,0,60201
2918,Male,25-34,12,98112
2919,Male,18-24,17,88076
2920,Male,25-34,2,55116
2921,Male,50-55,1,53221
2922,Male,25-34,17,52402
2923,Male,35-44,12,44256
2924,Female,18-24,4,94121
2925,Female,25-34,4,23454
2926,Female,18-24,2,55118
2927,Male,25-34,12,24060
2928,Male,25-34,2,90068
2929,Male,18-24,2,60614
2930,Male,50-55,17,45420
2931,Male,18-24,4,16803
2932,Male,25-34,12,55346
2933,Male,35-44,11,32082
2934,Female,35-44,20,91324
2935,Male,25-34,0,55126
2936,Female,18-24,4,94122
2937,Female,18-24,4,48103
2938,Female,25-34,0,55345
2939,Female,25-34,15,94901
2940,Male,25-34,0,02143
2941,Male,35-44,12,98033
2942,Female,50-55,1,93103
2943,Male,35-44,12,95864
2944,Female,18-24,4,48104
2945,Female,35-44,17,89507
2946,Male,35-44,16,92630
2947,Female,25-34,0,02138
2948,Male,18-24,14,48185
2949,Male,25-34,17,98033
2950,Male,18-24,0,72761
2951,Female,35-44,14,94303
2952,Male,25-34,4,06511
2953,Male,25-34,20,23225
2954,Male,18-24,2,11435
2955,Male,35-44,14,92025
2956,Male,25-34,12,50265
2957,Male,18-24,4,48104
2958,Male,25-34,7,91911
2959,Male,35-44,17,06074
2960,Male,18-24,4,48104
2961,Male,50-55,17,91977
2962,Male,35-44,3,94109
2963,Female,18-24,4,48104
2964,Male,25-34,17,07030
2965,Female,35-44,4,48103
2966,Female,25-34,4,48104
2967,Male,25-34,0,94110
2968,Female,18-24,0,48104
2969,Male,25-34,7,06851
2970,Male,18-24,4,48104
2971,Male,25-34,4,48104
2972,Male,25-34,4,97330
2973,Female,18-24,4,48108
2974,Male,18-24,4,48105
2975,Male,35-44,11,20879
2976,Male,18-24,20,86001
2977,Female,18-24,4,48104
2978,Male,35-44,20,45236
2979,Male,35-44,2,45243
2980,Male,45-49,7,91766
2981,Male,45-49,6,52556
2982,Male,25-34,4,54902
2983,Male,18-24,4,97850
2984,Male,25-34,4,48105
2985,Male,18-24,4,97333
2986,Male,25-34,4,24060
2987,Male,18-24,4,15213
2988,Female,18-24,6,92122
2989,Male,35-44,12,97330
2990,Male,35-44,12,45243
2991,Male,50-55,1,48105
2992,Male,18-24,4,14853
2993,Male,18-24,19,12133
2994,Male,35-44,5,95008
2995,Male,25-34,15,97333
2996,Male,18-24,0,63011
2997,Female,35-44,16,45238
2998,Female,25-34,1,45241
2999,Male,25-34,7,33813
3000,Male,25-34,4,55408
3001,Male,18-24,4,94704
3002,Male,45-49,11,90028
3003,Male,18-24,15,94606
3004,Female,18-24,4,02138
3005,Male,25-34,17,94133
3006,Male,18-24,4,45750
3007,Male,35-44,0,33174
3008,Male,18-24,4,94403
3009,Female,35-44,3,55112
3010,Male,25-34,12,78759
3011,Male,25-34,1,10003
3012,Male,25-34,12,78660
3013,Male,45-49,17,97124
3014,Male,35-44,7,06430
3015,Male,56+,6,62707
3016,Male,18-24,12,78759
3017,Female,35-44,9,85255
3018,Male,35-44,0,45242
3019,Male,50-55,12,97330
3020,Female,35-44,7,60302
3021,Female,45-49,15,78750
3022,Male,25-34,17,78730
3023,Female,25-34,7,92108
3024,Male,35-44,17,14302
3025,Female,35-44,0,90004
3026,Female,18-24,4,45750
3027,Male,18-24,4,85719
3028,Male,<18,10,12701
3029,Male,18-24,4,92037
3030,Male,35-44,1,48103
3031,Male,18-24,4,48135
3032,Male,25-34,0,47303
3033,Male,18-24,4,02906
3034,Female,18-24,1,33143
3035,Female,25-34,7,90230
3036,Male,56+,13,14843
3037,Female,25-34,2,97333
3038,Female,35-44,2,97401
3039,Female,50-55,3,33611
3040,Male,25-34,8,22046
3041,Male,25-34,4,97333
3042,Male,56+,1,49042
3043,Male,18-24,2,90069
3044,Male,35-44,16,77301
3045,Male,45-49,1,90631
3046,Male,<18,4,46311
3047,Female,25-34,4,94117
3048,Male,18-24,2,02066
3049,Female,50-55,0,02421
3050,Male,35-44,12,94025
3051,Male,18-24,17,94063
3052,Male,35-44,12,10036
3053,Female,25-34,3,55102
3054,Male,18-24,4,44056
3055,Female,25-34,3,98501
3056,Male,25-34,18,10309
3057,Female,25-34,12,55438
3058,Male,18-24,12,55123
3059,Male,35-44,0,75023
3060,Female,35-44,1,92705
3061,Male,45-49,2,29440
3062,Male,18-24,4,03106
3063,Male,18-24,4,03106
3064,Male,35-44,17,90026
3065,Female,18-24,4,48135
3066,Male,18-24,4,61801
3067,Female,25-34,0,02148
3068,Female,35-44,9,66204
3069,Male,18-24,4,97470
3070,Female,18-24,4,10708
3071,Male,25-34,1,02115
3072,Male,50-55,1,55126
3073,Male,25-34,0,90028
3074,Male,25-34,0,23451
3075,Female,25-34,11,06107
3076,Male,35-44,17,30024
3077,Male,18-24,4,43202
3078,Female,35-44,1,02155
3079,Female,25-34,1,55410
3080,Male,25-34,20,55410
3081,Male,25-34,7,77252
3082,Female,35-44,6,45459
3083,Female,50-55,0,97403
3084,Male,25-34,16,01581
3085,Male,25-34,4,78703
3086,Male,18-24,12,98105
3087,Female,<18,1,90802
3088,Female,25-34,4,87110
3089,Male,45-49,16,93448
3090,Male,25-34,2,90004
3091,Female,25-34,0,19107
3092,Male,35-44,15,98108
3093,Female,45-49,20,89134
3094,Male,35-44,0,30030
3095,Female,25-34,3,06810
3096,Female,45-49,3,38028
3097,Female,25-34,5,10021
3098,Male,25-34,4,55112
3099,Male,25-34,17,20910
3100,Female,25-34,6,91423
3101,Male,18-24,15,91101
3102,Male,25-34,12,34170
3103,Male,25-34,20,64112
3104,Male,18-24,17,02118
3105,Male,35-44,12,98166
3106,Male,25-34,0,33142
3107,Male,25-34,17,92656
3108,Male,50-55,6,22039
3109,Female,25-34,11,43201
3110,Male,25-34,0,10002
3111,Male,18-24,4,56520
3112,Male,18-24,12,98133
3113,Male,25-34,10,55414
3114,Male,18-24,5,65211
3115,Male,35-44,17,48323
3116,Male,25-34,12,98034
3117,Male,35-44,0,83704
3118,Male,25-34,0,77025
3119,Male,45-49,1,37027
3120,Male,18-24,4,55414
3121,Male,25-34,2,32118
3122,Female,25-34,7,22209
3123,Male,25-34,2,90401
3124,Male,25-34,12,30337
3125,Male,25-34,7,10025
3126,Male,25-34,2,32118
3127,Female,25-34,0,10003
3128,Male,18-24,2,10012
3129,Male,25-34,7,21117
3130,Male,25-34,7,32835
3131,Female,25-34,2,90036
3132,Male,35-44,7,98467
3133,Male,18-24,4,33720
3134,Male,18-24,4,55455
3135,Male,25-34,15,12345
3136,Female,25-34,4,72801
3137,Male,25-34,11,11217
3138,Male,35-44,17,46229
3139,Male,56+,13,89128
3140,Female,25-34,4,78728
3141,Male,25-34,14,81679
3142,Male,25-34,20,85719
3143,Female,50-55,16,90272
3144,Female,25-34,7,85260
3145,Male,18-24,4,02138
3146,Male,25-34,0,31605
3147,Male,25-34,14,49355
3148,Male,18-24,20,72837
3149,Male,18-24,4,92602
3150,Female,25-34,3,92831
3151,Female,25-34,0,92870
3152,Male,18-24,4,61801
3153,Female,25-34,4,73160
3154,Female,25-34,4,95616
3155,Male,25-34,7,55112
3156,Male,35-44,7,07663
3157,Male,25-34,12,92880
3158,Male,25-34,15,15217
3159,Female,25-34,15,15213
3160,Male,25-34,17,77521
3161,Male,25-34,7,55408
3162,Male,25-34,1,08854-3115
3163,Male,18-24,15,95616
3164,Male,18-24,12,55118
3165,Male,35-44,7,60611
3166,Male,18-24,4,32607
3167,Male,25-34,2,77056
3168,Female,35-44,5,94546
3169,Male,50-55,0,23518
3170,Male,25-34,0,08461
3171,Female,50-55,3,10128
3172,Male,18-24,12,55408
3173,Male,25-34,12,55317
3174,Female,18-24,14,10018
3175,Male,35-44,16,10014
3176,Male,25-34,17,95129
3177,Female,25-34,6,94132
3178,Female,35-44,5,44313
3179,Female,18-24,20,02125
3180,Male,25-34,14,07430
3181,Male,25-34,12,07436
3182,Male,25-34,12,12866
3183,Male,50-55,7,60510
3184,Female,25-34,18,21214
3185,Male,18-24,7,55337
3186,Male,50-55,1,92122
3187,Male,35-44,12,32935
3188,Male,56+,13,55344
3189,Male,25-34,16,90292
3190,Male,<18,17,97062
3191,Male,25-34,12,27707
3192,Male,18-24,4,02912
3193,Male,25-34,0,92019
3194,Male,25-34,15,92648
3195,Male,18-24,4,80228
3196,Female,18-24,4,45219
3197,Female,18-24,14,94110
3198,Male,25-34,12,94110
3199,Male,18-24,0,57106
3200,Female,25-34,1,98144
3201,Male,45-49,7,35216
3202,Female,18-24,4,24060
3203,Male,35-44,0,90254
3204,Male,45-49,16,80304
3205,Female,35-44,16,80304
3206,Male,18-24,20,44089
3207,Male,35-44,7,60610
3208,Male,25-34,14,30342
3209,Male,25-34,0,21555
3210,Female,45-49,0,02115
3211,Male,50-55,16,20015
3212,Female,25-34,17,11215
3213,Female,25-34,1,83705
3214,Female,56+,7,10019
3215,Female,50-55,13,55447
3216,Male,35-44,1,54481
3217,Female,35-44,0,92630
3218,Male,56+,6,48070
3219,Female,18-24,4,54302
3220,Male,35-44,7,54016
3221,Male,25-34,0,19106
3222,Male,35-44,7,10583
3223,Male,25-34,20,10014
3224,Female,25-34,14,93428
3225,Male,18-24,0,15237
3226,Male,35-44,4,10027
3227,Female,25-34,14,60657
3228,Male,25-34,14,05448
3229,Female,56+,1,93105
3230,Male,35-44,16,92630
3231,Male,25-34,7,55112
3232,Male,35-44,12,92821
3233,Male,50-55,2,60660
3234,Female,<18,0,90012
3235,Male,18-24,4,87801
3236,Male,18-24,15,87111
3237,Male,35-44,7,05401
3238,Male,35-44,7,10069
3239,Female,25-34,12,07730
3240,Male,18-24,4,55403
3241,Female,50-55,0,20004
3242,Male,50-55,13,94089
3243,Male,25-34,12,98117
3244,Female,18-24,4,92647
3245,Male,18-24,2,08820
3246,Female,35-44,1,85258
3247,Male,35-44,15,92649
3248,Female,25-34,7,94115
3249,Female,25-34,4,92648
3250,Male,25-34,4,90069
3251,Male,35-44,17,15330
3252,Male,50-55,0,76067
3253,Female,35-44,4,26505
3254,Female,35-44,6,95843
3255,Female,25-34,15,91902
3256,Male,25-34,15,92111
3257,Male,25-34,14,94105
3258,Male,45-49,6,02339
3259,Female,18-24,4,95616
3260,Male,25-34,4,44514
3261,Male,45-49,20,87505
3262,Male,25-34,14,55391
3263,Male,50-55,11,66048
3264,Female,25-34,1,94536
3265,Male,25-34,15,53704
3266,Female,25-34,4,95616
3267,Male,25-34,4,78705
3268,Male,25-34,12,04106
3269,Female,18-24,20,45220
3270,Male,18-24,11,45220
3271,Female,35-44,0,92704
3272,Male,35-44,0,08330
3273,Male,35-44,7,11201
3274,Male,25-34,20,02062
3275,Male,35-44,7,10028
3276,Male,25-34,20,55391
3277,Male,25-34,17,94107
3278,Male,35-44,7,10014
3279,Male,45-49,15,92880
3280,Male,25-34,7,33486
3281,Male,25-34,17,79705
3282,Male,45-49,3,20009
3283,Male,35-44,16,66208
3284,Male,25-34,6,48197
3285,Male,25-34,4,44706
3286,Female,35-44,7,80013
3287,Male,56+,13,27514-3540
3288,Male,25-34,14,94133
3289,Male,45-49,6,95695
3290,Male,25-34,14,90292
3291,Female,25-34,7,27516
3292,Female,50-55,6,79410
3293,Male,45-49,14,37343
3294,Male,18-24,4,78749
3295,Male,18-24,18,92123
3296,Male,18-24,14,90292
3297,Male,18-24,4,91325
3298,Male,<18,10,20876
3299,Female,25-34,4,19119
3300,Male,35-44,5,19119
3301,Female,25-34,2,85719
3302,Male,25-34,17,74074
3303,Male,56+,17,06405
3304,Female,45-49,5,92649
3305,Male,56+,20,94708
3306,Male,45-49,14,60045
3307,Male,50-55,6,90640
3308,Female,18-24,20,15701-1348
3309,Male,25-34,17,20707
3310,Male,45-49,14,12561
3311,Male,25-34,4,90039
3312,Female,18-24,4,90039
3313,Male,35-44,20,90292
3314,Male,25-34,7,06516
3315,Male,25-34,12,78731
3316,Male,<18,19,92557
3317,Male,25-34,4,78705
3318,Male,56+,13,30047
3319,Female,56+,13,92308
3320,Male,25-34,1,56082
3321,Male,35-44,1,95380
3322,Female,18-24,4,68516
3323,Male,35-44,14,11784
3324,Male,35-44,17,48083
3325,Female,35-44,14,39180
3326,Male,45-49,7,64138
3327,Male,18-24,12,91423
3328,Male,56+,19,91790-1161
3329,Male,50-55,18,72601
3330,Female,35-44,1,47933
3331,Female,25-34,7,06854
3332,Male,25-34,7,06854
3333,Male,18-24,16,29404-2205
3334,Male,35-44,0,09142
3335,Male,25-34,0,10023
3336,Male,35-44,17,93436
3337,Male,25-34,4,97214
3338,Male,45-49,16,08053
3339,Male,25-34,17,44118
3340,Male,45-49,16,48097
3341,Male,25-34,20,91730
3342,Female,25-34,5,92705
3343,Female,18-24,4,79912
3344,Male,35-44,0,08902
3345,Male,25-34,7,18655
3346,Male,35-44,7,54016
3347,Female,35-44,7,91362
3348,Male,45-49,16,94546
3349,Female,18-24,4,92054
3350,Female,18-24,0,20815
3351,Female,18-24,5,92870
3352,Male,35-44,0,30533
3353,Male,35-44,17,92688
3354,Male,25-34,7,18615
3355,Male,25-34,1,400060
3356,Male,35-44,7,95031
3357,Male,25-34,18,64055
3358,Female,25-34,1,91790
3359,Male,25-34,20,22936
3360,Female,25-34,0,92646
3361,Male,25-34,4,91790
3362,Female,25-34,0,90212
3363,Female,35-44,9,04046
3364,Male,56+,13,17033
3365,Male,50-55,17,23059
3366,Male,35-44,14,08750
3367,Male,50-55,16,10025
3368,Male,25-34,14,55435
3369,Male,45-49,18,14701
3370,Male,18-24,4,92833
3371,Male,25-34,2,55405
3372,Male,56+,13,55118
3373,Male,18-24,16,94709
3374,Male,35-44,5,64801
3375,Male,25-34,4,89193
3376,Male,35-44,16,10803
3377,Male,25-34,17,03570
3378,Male,18-24,4,48135
3379,Male,35-44,1,20037
3380,Male,50-55,0,20815
3381,Male,25-34,0,96671
3382,Female,<18,10,55305
3383,Male,56+,16,03070
3384,Male,35-44,7,91304
3385,Female,25-34,9,32212
3386,Male,18-24,4,55414
3387,Male,18-24,1,94706
3388,Female,25-34,1,92646
3389,Male,18-24,0,13603
3390,Female,45-49,20,02476
3391,Male,18-24,4,48135
3392,Male,50-55,6,08108
3393,Male,35-44,12,60563
3394,Male,35-44,7,90069
3395,Male,25-34,7,02134
3396,Male,25-34,12,15217
3397,Male,25-34,5,55414
3398,Male,18-24,20,30033
3399,Male,25-34,4,14623
3400,Male,25-34,14,08742
3401,Male,35-44,7,76109
3402,Male,35-44,20,30306
3403,Male,35-44,5,48342
3404,Male,25-34,8,95380
3405,Male,35-44,14,92084
3406,Female,25-34,7,85214
3407,Female,45-49,5,60050
3408,Male,25-34,17,14830
3409,Male,25-34,4,48127
3410,Male,35-44,1,20653
3411,Male,18-24,4,02139
3412,Male,25-34,18,85213
3413,Female,25-34,17,92084
3414,Male,25-34,17,75146
3415,Male,35-44,7,80129
3416,Male,25-34,12,20850
3417,Female,18-24,2,14616
3418,Female,18-24,3,22305
3419,Male,45-49,1,16801
3420,Female,25-34,7,48105
3421,Male,45-49,7,94501
3422,Male,25-34,5,43221
3423,Male,25-34,7,84088
3424,Male,25-34,6,92111
3425,Male,18-24,20,48135
3426,Male,25-34,20,90046
3427,Male,25-34,14,78267
3428,Male,45-49,1,47933
3429,Female,25-34,7,94602
3430,Female,45-49,1,15208
3431,Female,45-49,6,48867
3432,Male,25-34,12,27410
3433,Male,18-24,12,55113
3434,Male,18-24,4,48867
3435,Male,45-49,1,48867
3436,Male,35-44,0,98503
3437,Female,25-34,0,37203
3438,Female,25-34,0,78735
3439,Male,18-24,17,76116
3440,Male,56+,17,32822
3441,Female,25-34,14,94109
3442,Male,18-24,12,20878
3443,Female,35-44,17,48219
3444,Male,50-55,14,33401
3445,Female,35-44,20,92009
3446,Male,25-34,7,30620
3447,Male,25-34,12,94131
3448,Female,18-24,3,60640
3449,Male,25-34,14,02142
3450,Male,25-34,5,78251
3451,Female,25-34,11,94117
3452,Male,25-34,14,07702
3453,Male,35-44,7,07981
3454,Male,18-24,0,92122
3455,Female,25-34,0,07701
3456,Male,25-34,17,54401
3457,Male,25-34,20,19083
3458,Male,45-49,0,02131
3459,Male,18-24,4,76266
3460,Male,<18,4,10012
3461,Male,35-44,0,95409
3462,Female,25-34,4,73160
3463,Male,25-34,15,80301
3464,Female,25-34,14,78251
3465,Male,25-34,14,45383
3466,Male,25-34,14,94306
3467,Male,25-34,14,55421
3468,Male,25-34,20,94546
3469,Male,45-49,17,02176
3470,Male,35-44,17,49887
3471,Male,18-24,4,80302
3472,Male,25-34,6,33156
3473,Female,35-44,16,02472
3474,Male,35-44,11,10538
3475,Male,25-34,14,33133
3476,Male,50-55,0,44126
3477,Female,50-55,1,10024
3478,Male,25-34,7,10019
3479,Male,18-24,4,78626
3480,Male,25-34,0,59405
3481,Male,18-24,4,94122
3482,Male,50-55,17,08043
3483,Female,45-49,7,30260
3484,Male,18-24,4,28403
3485,Male,25-34,0,94121
3486,Female,18-24,0,98225
3487,Male,18-24,4,60611
3488,Male,45-49,17,80228
3489,Male,18-24,4,60201
3490,Male,25-34,0,74136
3491,Male,25-34,16,28542
3492,Male,35-44,7,77005
3493,Male,25-34,17,61350
3494,Male,25-34,1,28607
3495,Male,18-24,4,94608
3496,Male,35-44,5,92867
3497,Female,35-44,2,94109
3498,Male,25-34,17,28052
3499,Male,25-34,3,77006
3500,Male,35-44,7,20650
3501,Female,35-44,7,30309
3502,Female,18-24,7,80503
3503,Male,18-24,4,59715
3504,Male,18-24,7,02215
3505,Female,25-34,15,55455
3506,Male,18-24,12,80503
3507,Male,25-34,0,02472
3508,Male,18-24,4,02151
3509,Male,18-24,4,02115
3510,Female,18-24,4,02142
3511,Male,50-55,0,88004
3512,Male,18-24,17,02140
3513,Male,25-34,16,01890
3514,Male,18-24,12,30318
3515,Male,35-44,3,55042
3516,Male,18-24,4,42101
3517,Male,18-24,12,53713
3518,Female,18-24,7,11215
3519,Female,25-34,14,11215
3520,Male,25-34,0,40515
3521,Male,25-34,0,53213
3522,Male,18-24,0,97469
3523,Male,35-44,7,53404
3524,Female,25-34,0,83355
3525,Female,18-24,4,02142
3526,Male,35-44,2,62263-3004
3527,Male,25-34,0,53213
3528,Male,35-44,5,41144
3529,Female,45-49,1,97361
3530,Male,25-34,0,77058
3531,Female,25-34,11,55409
3532,Female,35-44,14,10028
3533,Male,25-34,2,55344
3534,Male,35-44,17,68506
3535,Male,45-49,18,77630
3536,Male,18-24,4,57103
3537,Male,<18,10,97402
3538,Male,35-44,0,40504
3539,Female,25-34,4,77006
3540,Male,18-24,17,57106
3541,Male,25-34,3,02494
3542,Male,25-34,15,14803
3543,Male,25-34,17,60659
3544,Female,25-34,4,92507
3545,Male,35-44,12,92507
3546,Male,25-34,20,41706
3547,Male,35-44,16,94108
3548,Male,45-49,7,92965
3549,Female,35-44,7,60137
3550,Male,25-34,5,55447
3551,Female,56+,0,98374
3552,Female,35-44,2,02879
3553,Male,35-44,16,61600
3554,Male,25-34,15,15203
3555,Male,56+,7,55430
3556,Male,25-34,17,03038
3557,Male,18-24,5,48185
3558,Male,18-24,17,66044
3559,Male,18-24,4,11364
3560,Female,25-34,6,74105
3561,Male,35-44,14,63304
3562,Female,25-34,6,32812
3563,Male,25-34,2,33133
3564,Male,25-34,11,02169
3565,Male,25-34,18,53572
3566,Male,45-49,0,53818
3567,Male,25-34,14,54915
3568,Male,25-34,0,98503
3569,Female,18-24,2,48823
3570,Male,35-44,12,19050
3571,Male,18-24,4,10044
3572,Male,35-44,11,04287
3573,Male,<18,10,48867
3574,Female,35-44,6,33314
3575,Male,25-34,18,54915
3576,Male,50-55,7,68046
3577,Female,56+,0,00231
3578,Male,50-55,3,96714
3579,Male,18-24,0,32219
3580,Female,18-24,3,32219
3581,Male,18-24,1,57382
3582,Female,35-44,0,52405
3583,Female,25-34,9,41075
3584,Male,18-24,0,76543
3585,Male,35-44,20,60640
3586,Male,35-44,20,60640
3587,Male,35-44,3,93611
3588,Male,25-34,2,90068
3589,Female,45-49,0,80010
3590,Female,18-24,15,02115
3591,Male,35-44,6,96158
3592,Female,56+,2,99701
3593,Female,25-34,9,53719
3594,Male,<18,0,02322
3595,Male,25-34,0,85024
3596,Female,35-44,4,19104
3597,Male,25-34,17,55446
3598,Male,56+,1,90210
3599,Male,25-34,16,97378
3600,Male,35-44,20,94506
3601,Female,35-44,3,95405
3602,Male,25-34,12,55443
3603,Female,35-44,7,78704
3604,Female,<18,10,02879
3605,Male,18-24,12,60640
3606,Female,25-34,15,02445
3607,Male,35-44,17,32506
3608,Female,35-44,9,02879
3609,Female,25-34,17,48239
3610,Male,18-24,6,30064
3611,Male,25-34,2,84321
3612,Male,25-34,14,29609
3613,Male,25-34,0,37205
3614,Male,25-34,0,45458
3615,Male,25-34,17,76028
3616,Male,45-49,0,33759
3617,Male,35-44,7,49034
3618,Male,56+,17,22657
3619,Male,50-55,16,97116
3620,Male,25-34,7,94117
3621,Male,18-24,4,33023
3622,Male,18-24,1,02446
3623,Male,35-44,11,43209
3624,Male,25-34,12,60068
3625,Male,18-24,10,48439
3626,Male,25-34,17,75075
3627,Female,35-44,1,85287
3628,Male,25-34,7,78731
3629,Female,50-55,7,10022
3630,Male,18-24,4,77005
3631,Male,18-24,4,77005
3632,Male,50-55,11,33881
3633,Male,35-44,18,60441
3634,Male,50-55,1,88001
3635,Male,50-55,1,60062
3636,Male,25-34,0,06708
3637,Male,25-34,6,94127
3638,Male,25-34,2,90038
3639,Male,18-24,4,78250
3640,Male,35-44,7,02370
3641,Male,25-34,0,92008
3642,Female,25-34,7,98188
3643,Male,25-34,17,22302
3644,Female,25-34,11,53711
3645,Male,35-44,17,97232
3646,Male,35-44,20,98106
3647,Male,25-34,7,80202
3648,Male,18-24,4,85210
3649,Female,25-34,0,94115
3650,Male,25-34,0,60611
3651,Male,25-34,14,98103
3652,Male,25-34,12,94608
3653,Male,18-24,15,96661
3654,Male,25-34,17,94901
3655,Female,25-34,7,94121
3656,Female,45-49,5,34610
3657,Male,18-24,17,95121
3658,Female,25-34,7,07090
3659,Male,18-24,4,29649
3660,Male,35-44,7,15137
3661,Male,35-44,12,08852
3662,Male,35-44,16,08753
3663,Female,35-44,9,17055
3664,Female,35-44,1,94043
3665,Male,25-34,0,95903
3666,Male,45-49,0,68144
3667,Female,<18,10,10706
3668,Female,45-49,7,33324
3669,Male,25-34,14,60148
3670,Male,45-49,14,55123
3671,Male,25-34,4,98102
3672,Male,35-44,5,08406
3673,Male,25-34,2,10003
3674,Male,25-34,20,29205
3675,Male,35-44,7,06680
3676,Female,35-44,12,48109
3677,Female,25-34,12,06906
3678,Male,25-34,0,06880
3679,Male,25-34,4,68108
3680,Female,25-34,1,94939
3681,Male,25-34,7,29662
3682,Female,50-55,1,10706
3683,Male,25-34,2,30606
3684,Male,25-34,17,83713
3685,Male,25-34,5,55100
3686,Male,25-34,7,48070
3687,Female,50-55,1,62221
3688,Male,18-24,6,21202
3689,Male,25-34,0,80906
3690,Male,18-24,0,63116
3691,Male,25-34,7,21030
3692,Male,35-44,17,89147
3693,Male,25-34,15,94062
3694,Male,25-34,12,28227
3695,Male,25-34,2,98502
3696,Male,35-44,7,19149
3697,Male,25-34,15,68516
3698,Male,25-34,7,53202
3699,Female,56+,3,30127
3700,Male,25-34,14,10021
3701,Male,35-44,1,92614
3702,Male,35-44,15,53095
3703,Male,18-24,12,97402
3704,Female,35-44,0,04255
3705,Male,45-49,7,30076
3706,Male,25-34,12,46725
3707,Female,18-24,0,34744
3708,Male,56+,7,30097
3709,Male,25-34,12,89502
3710,Male,<18,10,02818
3711,Male,35-44,0,32506
3712,Male,25-34,17,60042
3713,Female,25-34,7,22201
3714,Male,25-34,17,92111
3715,Male,18-24,5,55428
3716,Male,18-24,12,36115
3717,Male,35-44,17,94533
3718,Male,50-55,17,07728
3719,Male,25-34,1,39759
3720,Male,45-49,7,43065
3721,Male,25-34,15,94065
3722,Male,25-34,18,80538
3723,Male,25-34,14,53048
3724,Male,35-44,6,77083
3725,Male,18-24,4,32608
3726,Male,25-34,17,92882
3727,Male,35-44,7,74401
3728,Male,18-24,4,07030
3729,Male,18-24,4,20037
3730,Male,25-34,1,48911
3731,Male,25-34,17,67443
3732,Male,25-34,17,60153
3733,Male,18-24,4,02777
3734,Male,18-24,4,77840
3735,Male,25-34,0,10009
3736,Male,35-44,1,44242
3737,Male,25-34,14,37127
3738,Male,45-49,7,01904-1355
3739,Male,56+,11,48070
3740,Male,18-24,5,55116
3741,Male,25-34,0,96818
3742,Male,25-34,0,90266
3743,Female,35-44,7,89128
3744,Male,25-34,0,60645
3745,Female,25-34,9,49442
3746,Male,25-34,5,54703
3747,Male,45-49,13,89109
3748,Male,18-24,4,02026
3749,Female,25-34,0,60664
3750,Female,18-24,4,94116
3751,Female,35-44,12,55555
3752,Female,18-24,1,86314
3753,Male,25-34,7,42518
3754,Male,56+,7,94612
3755,Female,50-55,14,08810
3756,Male,18-24,12,53188
3757,Male,25-34,7,92612
3758,Female,35-44,5,02021
3759,Male,35-44,6,54751
3760,Male,50-55,0,55128
3761,Male,25-34,17,27613
3762,Male,50-55,6,11746
3763,Male,25-34,2,98502
3764,Male,25-34,1,06111
3765,Female,50-55,3,34744
3766,Female,18-24,1,45458
3767,Male,25-34,0,94305
3768,Male,25-34,4,86314
3769,Male,25-34,15,02446
3770,Female,35-44,3,50322
3771,Male,25-34,1,14982
3772,Male,35-44,17,06074
3773,Male,35-44,6,50265
3774,Male,25-34,0,52556
3775,Male,35-44,12,14619
3776,Female,25-34,4,50265
3777,Male,18-24,4,23112
3778,Male,25-34,0,61832
3779,Female,45-49,2,98383
3780,Male,<18,0,46979
3781,Female,56+,11,54401
3782,Female,25-34,0,94602
3783,Male,25-34,7,97267
3784,Female,25-34,1,98027
3785,Female,25-34,20,93401
3786,Female,25-34,0,94115
3787,Female,25-34,0,94703
3788,Female,18-24,0,94587
3789,Female,25-34,0,94110
3790,Female,25-34,17,94618
3791,Male,50-55,18,60516
3792,Male,25-34,6,68108
3793,Male,18-24,4,21093
3794,Female,18-24,4,53211
3795,Female,18-24,4,91405
3796,Male,45-49,14,02021
3797,Male,25-34,7,02420
3798,Male,25-34,7,48326
3799,Male,18-24,0,17844
3800,Male,18-24,1,45458
3801,Male,18-24,12,36115
3802,Male,18-24,0,94520
3803,Female,35-44,9,19006
3804,Male,25-34,6,06511
3805,Female,35-44,1,89031
3806,Male,18-24,4,55104
3807,Female,35-44,19,32095
3808,Male,25-34,7,60010
3809,Male,35-44,6,20650
3810,Male,50-55,7,20016
3811,Male,25-34,15,98103
3812,Male,35-44,17,78749
3813,Male,35-44,7,80910
3814,Male,25-34,15,98102
3815,Male,25-34,17,53406
3816,Female,25-34,3,90020
3817,Male,35-44,3,20122
3818,Male,45-49,17,32837
3819,Male,25-34,12,36115
3820,Male,25-34,17,90804
3821,Male,25-34,20,44313
3822,Male,45-49,20,98027
3823,Male,56+,7,93711
3824,Male,25-34,17,32308
3825,Male,18-24,1,06279
3826,Male,25-34,1,48105
3827,Male,50-55,2,87020
3828,Male,25-34,20,92101
3829,Female,25-34,1,22307
3830,Male,18-24,4,60630
3831,Female,18-24,6,84780
3832,Female,25-34,7,43214
3833,Male,25-34,1,68516
3834,Male,18-24,2,02322
3835,Male,25-34,7,40515
3836,Female,50-55,8,84770
3837,Male,25-34,17,28804
3838,Female,25-34,14,10033
3839,Male,50-55,14,02651
3840,Female,25-34,0,02176
3841,Male,45-49,18,26101
3842,Female,35-44,16,92054
3843,Female,<18,10,32043
3844,Male,18-24,4,73071
3845,Male,25-34,12,94065
3846,Male,35-44,0,33884
3847,Male,25-34,7,12801
3848,Male,25-34,15,70809-2612
3849,Male,35-44,0,14086
3850,Male,18-24,3,92278
3851,Male,25-34,12,60657
3852,Male,50-55,16,60302
3853,Male,25-34,14,92614
3854,Male,25-34,14,30340
3855,Male,25-34,17,20886
3856,Female,35-44,20,93449
3857,Male,18-24,14,08822
3858,Female,45-49,9,63119
3859,Male,25-34,0,89145
3860,Male,45-49,17,44129
3861,Male,18-24,4,12604
3862,Male,25-34,17,10025
3863,Male,25-34,0,94558
3864,Male,50-55,20,29630
3865,Female,<18,10,95864
3866,Male,45-49,14,63130
3867,Male,35-44,3,45215
3868,Male,18-24,12,73112
3869,Male,18-24,17,63544
3870,Male,25-34,17,95050
3871,Male,18-24,4,64468
3872,Male,25-34,1,14613
3873,Female,45-49,2,94558
3874,Male,25-34,7,92103
3875,Male,25-34,0,66605
3876,Male,25-34,0,11235
3877,Male,45-49,1,33705
3878,Male,35-44,16,22124
3879,Male,25-34,3,83687
3880,Male,25-34,7,54942
3881,Male,18-24,2,44515
3882,Male,56+,14,55337
3883,Male,50-55,16,78411
3884,Male,18-24,4,78759
3885,Male,25-34,12,92728
3886,Male,35-44,7,95008
3887,Male,18-24,4,80513
3888,Male,45-49,17,02067
3889,Male,45-49,6,66203
3890,Male,18-24,4,33143
3891,Female,56+,16,90039
3892,Male,25-34,20,91505
3893,Male,25-34,6,79401
3894,Male,35-44,16,02139
3895,Female,35-44,0,20723
3896,Male,35-44,0,60914
3897,Male,56+,17,92069
3898,Male,45-49,11,01772
3899,Male,25-34,17,02135
3900,Female,25-34,14,55343
3901,Male,18-24,14,85282
3902,Male,25-34,5,46239
3903,Male,25-34,0,02542
3904,Male,<18,10,48445
3905,Male,25-34,17,361069
3906,Male,50-55,17,54409
3907,Female,18-24,14,22201
3908,Male,25-34,0,10021
3909,Male,18-24,17,19104
3910,Male,25-34,20,91505
3911,Male,18-24,0,92037
3912,Male,25-34,4,19104
3913,Male,18-24,17,40207
3914,Male,35-44,4,84123
3915,Female,35-44,3,71111
3916,Male,25-34,4,02134
3917,Female,35-44,9,60618
3918,Male,25-34,18,30189
3919,Male,45-49,0,73702
3920,Male,35-44,17,63126
3921,Male,25-34,14,95820
3922,Male,18-24,4,53211
3923,Male,35-44,2,92115
3924,Male,50-55,12,90254
3925,Male,25-34,12,77042
3926,Male,25-34,2,94404
3927,Female,25-34,16,67846
3928,Male,25-34,0,55812
3929,Male,25-34,5,80227
3930,Male,56+,3,52240
3931,Male,25-34,5,92117
3932,Male,25-34,7,49221
3933,Female,35-44,6,48073
3934,Male,25-34,0,44512
3935,Male,35-44,18,72118
3936,Female,35-44,12,01464
3937,Male,56+,2,92020
3938,Male,25-34,2,92711-0571
3939,Male,45-49,7,91405
3940,Male,35-44,20,32708
3941,Male,45-49,17,40031
3942,Male,18-24,4,49855
3943,Female,35-44,7,98074
3944,Female,35-44,16,80401
3945,Female,45-49,1,96778
3946,Female,25-34,12,22207
3947,Male,25-34,0,90019
3948,Female,45-49,12,61554
3949,Male,45-49,0,44266
3950,Male,25-34,4,60056
3951,Female,18-24,4,60014
3952,Female,45-49,1,12449
3953,Male,25-34,12,55117
3954,Male,18-24,4,32601
3955,Male,35-44,0,12831
3956,Male,25-34,0,94930-2010
3957,Male,35-44,11,40242
3958,Male,45-49,7,46112
3959,Female,45-49,1,03768
3960,Female,35-44,14,55014
3961,Male,25-34,1,45230
3962,Female,56+,0,98115
3963,Male,50-55,20,30030
3964,Male,56+,16,66502
3965,Male,18-24,11,65202
3966,Male,25-34,0,30096
3967,Female,18-24,2,13603
3968,Male,25-34,2,02903
3969,Male,56+,7,12345
3970,Female,25-34,2,02903
3971,Female,18-24,4,80228
3972,Female,25-34,6,23229
3973,Male,25-34,7,60614
3974,Male,35-44,0,30741
3975,Female,25-34,5,43229
3976,Female,25-34,0,44107
3977,Male,35-44,14,22180
3978,Male,35-44,13,78252
3979,Female,50-55,9,59072
3980,Male,25-34,4,66762
3981,Female,45-49,0,97701
3982,Male,56+,13,95929
3983,Male,25-34,0,30606
3984,Male,25-34,7,75089
3985,Male,45-49,16,01880
3986,Male,25-34,7,33324
3987,Female,18-24,4,01742
3988,Female,25-34,14,60647
3989,Male,50-55,12,30030
3990,Male,25-34,16,17350
3991,Male,25-34,7,33309
3992,Male,25-34,4,32653
3993,Male,25-34,0,22015
3994,Male,50-55,7,43081
3995,Male,35-44,17,22810
3996,Male,18-24,14,32825
3997,Male,35-44,17,45255
3998,Male,45-49,0,74354
3999,Male,35-44,17,30701
4000,Male,35-44,7,08876
4001,Female,25-34,1,01860
4002,Male,45-49,16,20880
4003,Male,56+,13,46143
4004,Male,50-55,0,21050
4005,Male,35-44,7,12110
4006,Male,<18,7,48038
4007,Male,35-44,12,88005
4008,Male,18-24,1,92802
4009,Male,18-24,7,44039
4010,Male,25-34,14,94533
4011,Male,25-34,17,85210
4012,Male,18-24,4,49503-1313
4013,Male,25-34,1,77803
4014,Male,25-34,0,48316-5601
4015,Female,45-49,3,75605
4016,Male,50-55,0,33901
4017,Male,25-34,14,17972
4018,Female,45-49,20,75214
4019,Male,35-44,17,54601
4020,Male,25-34,6,77034
4021,Male,50-55,20,95236
4022,Male,35-44,14,53403
4023,Female,35-44,9,32404
4024,Male,25-34,5,45011
4025,Female,56+,6,77018
4026,Male,25-34,7,68164
4027,Female,25-34,7,12533
4028,Male,25-34,4,02140
4029,Female,56+,3,21114
4030,Male,35-44,7,89128
4031,Male,25-34,0,42445
4032,Male,25-34,12,56301
4033,Male,25-34,6,43551
4034,Male,25-34,0,21113
4035,Male,18-24,4,45251
4036,Male,25-34,1,46530
4037,Male,50-55,16,80206
4038,Male,50-55,6,11510-2001
4039,Male,25-34,16,97401
4040,Male,25-34,20,75006
4041,Male,18-24,3,48005
4042,Male,35-44,15,94002
4043,Female,25-34,15,94002
4044,Female,35-44,3,95826
4045,Male,56+,13,40511
4046,Male,45-49,17,53545
4047,Male,18-24,4,30606
4048,Female,35-44,1,89431
4049,Male,45-49,11,33133
4050,Male,35-44,6,60061
4051,Male,18-24,14,01604
4052,Male,25-34,2,43551
4053,Male,25-34,18,36264
4054,Male,35-44,3,68122
4055,Male,50-55,0,98826
4056,Male,<18,10,28270
4057,Male,35-44,6,18249
4058,Male,25-34,6,73118
4059,Male,25-34,14,80232
4060,Male,25-34,18,55412
4061,Male,50-55,6,32726
4062,Male,25-34,7,60559
4063,Female,35-44,1,29070
4064,Male,45-49,0,20851
4065,Female,45-49,5,48341
4066,Male,25-34,0,19010
4067,Male,45-49,20,91607
4068,Male,56+,3,89185
4069,Male,35-44,15,19406
4070,Male,25-34,15,93107
4071,Male,25-34,17,33823
4072,Male,50-55,6,93111
4073,Male,25-34,6,70003
4074,Male,35-44,6,78746
4075,Male,25-34,16,47901
4076,Male,25-34,17,55344
4077,Female,35-44,2,22030
4078,Male,25-34,15,28226
4079,Male,35-44,17,26505
4080,Male,35-44,1,48912
4081,Male,18-24,12,19403
4082,Male,25-34,20,79912
4083,Male,56+,14,92630
4084,Male,56+,13,14215
4085,Female,25-34,6,79416
4086,Female,<18,10,55391
4087,Male,<18,4,63376
4088,Male,25-34,3,77057
4089,Male,25-34,7,79416
4090,Male,56+,6,77379
4091,Male,25-34,17,55410
4092,Female,25-34,0,19063
4093,Male,25-34,4,70806
4094,Male,25-34,17,49017
4095,Male,25-34,0,10013
4096,Male,25-34,15,60004
4097,Male,25-34,7,63366
4098,Male,35-44,7,53150
4099,Male,35-44,17,94954
4100,Male,56+,6,77096
4101,Male,18-24,4,23233
4102,Male,<18,10,48655
4103,Male,18-24,16,11211
4104,Male,18-24,16,42141
4105,Male,50-55,7,34243
4106,Male,25-34,16,95437
4107,Female,25-34,0,23221
4108,Male,35-44,17,77536
4109,Male,35-44,3,97202
4110,Female,45-49,7,41722
4111,Male,25-34,15,32603
4112,Male,45-49,18,47129
4113,Male,35-44,17,58503
4114,Male,35-44,14,48187
4115,Male,25-34,15,99353
4116,Male,35-44,7,07040
4117,Male,18-24,4,43551
4118,Male,25-34,3,91221
4119,Male,50-55,1,39401
4120,Male,25-34,16,71118
4121,Male,45-49,7,08876
4122,Male,18-24,19,82070
4123,Female,25-34,4,46807
4124,Male,25-34,18,62330-1408
4125,Male,35-44,2,13676
4126,Male,25-34,17,53188
4127,Male,50-55,17,16803
4128,Male,35-44,6,60025
4129,Male,56+,11,12144
4130,Male,35-44,6,48439
4131,Male,45-49,7,97720
4132,Male,25-34,17,80112
4133,Male,45-49,4,77009
4134,Female,45-49,12,85283
4135,Male,<18,10,46321
4136,Male,50-55,16,60056
4137,Male,25-34,7,91941
4138,Male,25-34,7,91423
4139,Male,56+,14,40207
4140,Male,25-34,0,32112
4141,Male,35-44,17,95014
4142,Male,56+,7,01040
4143,Female,25-34,5,60441
4144,Male,18-24,4,02451
4145,Female,50-55,1,78681
4146,Male,35-44,17,44301
4147,Female,50-55,7,02889
4148,Female,35-44,7,55021
4149,Male,35-44,1,32792
4150,Male,25-34,0,29672
4151,Male,45-49,20,43201
4152,Male,25-34,14,74114
4153,Male,50-55,17,16801
4154,Male,25-34,1,29440
4155,Male,50-55,17,85712
4156,Male,56+,20,95123
4157,Male,50-55,18,97321
4158,Female,<18,10,90039
4159,Female,50-55,9,01450
4160,Male,35-44,20,10027
4161,Male,45-49,0,90404
4162,Female,25-34,14,23221
4163,Male,56+,7,08901
4164,Male,35-44,1,50677
4165,Female,25-34,14,94114
4166,Female,25-34,7,75240
4167,Male,25-34,20,22032
4168,Female,45-49,6,37766
4169,Male,50-55,0,66048
4170,Male,45-49,7,53713
4171,Male,56+,16,79705
4172,Male,35-44,7,19901
4173,Female,18-24,11,29063
4174,Female,35-44,3,20110
4175,Male,35-44,0,66204
4176,Male,45-49,7,19008
4177,Male,35-44,17,90680
4178,Female,50-55,16,08033
4179,Female,35-44,20,94949
4180,Male,56+,13,13502
4181,Female,25-34,7,33177
4182,Male,25-34,18,80903
4183,Male,25-34,1,91730
4184,Male,50-55,7,32114
4185,Male,25-34,14,90274
4186,Male,25-34,7,33308
4187,Female,56+,20,63026
4188,Male,50-55,7,74137
4189,Male,35-44,14,91364
4190,Male,45-49,17,89108
4191,Female,45-49,15,55446
4192,Male,35-44,17,77521
4193,Male,56+,13,93907
4194,Male,18-24,4,60637
4195,Female,56+,13,95050
4196,Male,35-44,14,14221
4197,Female,45-49,1,18042
4198,Male,18-24,4,80631
4199,Female,25-34,9,32712
4200,Male,45-49,7,10543
4201,Female,25-34,0,65550
4202,Male,25-34,7,21234
4203,Male,25-34,18,58270
4204,Male,35-44,7,06905
4205,Female,25-34,15,87801
4206,Female,35-44,1,22947
4207,Male,35-44,1,90731
4208,Female,35-44,0,90403
4209,Male,56+,0,37363
4210,Male,25-34,17,85710
4211,Male,45-49,5,77662
4212,Male,56+,18,56716
4213,Male,35-44,7,63125
4214,Female,25-34,0,20121
4215,Male,25-34,7,77006
4216,Male,25-34,17,01752
4217,Male,18-24,4,18042
4218,Male,50-55,17,23233
4219,Male,35-44,17,95125
4220,Male,35-44,0,97225
4221,Male,35-44,4,53818
4222,Female,45-49,17,55976
4223,Female,35-44,17,60148
4224,Female,45-49,1,48198
4225,Female,25-34,3,48197
4226,Female,35-44,6,76021
4227,Male,25-34,19,11414-2520
4228,Male,50-55,18,20706
4229,Male,35-44,17,94010
4230,Male,56+,13,34235
4231,Female,50-55,18,20706
4232,Female,35-44,20,75287
4233,Male,35-44,4,37917
4234,Female,45-49,3,48130
4235,Male,50-55,2,90029
4236,Female,25-34,3,07960
4237,Male,25-34,14,77450
4238,Male,35-44,16,44691
4239,Male,50-55,7,52402
4240,Male,35-44,17,55330
4241,Male,35-44,7,11767
4242,Male,50-55,7,78704
4243,Male,56+,7,32137
4244,Male,35-44,17,48146
4245,Male,50-55,12,44286
4246,Female,35-44,7,48034
4247,Male,25-34,4,82601
4248,Male,25-34,4,26508
4249,Female,18-24,17,65203
4250,Female,50-55,0,33313
4251,Male,45-49,7,60139
4252,Female,35-44,3,28262
4253,Male,45-49,11,03301
4254,Male,25-34,17,38654
4255,Male,50-55,12,13041
4256,Female,<18,2,78945
4257,Male,50-55,16,38122
4258,Male,25-34,17,19711
4259,Male,35-44,17,45380
4260,Male,25-34,16,59079
4261,Female,35-44,6,07950
4262,Female,35-44,6,06512
4263,Male,25-34,7,40205
4264,Male,45-49,1,60102
4265,Male,25-34,12,03060
4266,Male,56+,13,78681
4267,Male,35-44,7,02171
4268,Female,45-49,20,04046
4269,Male,35-44,18,27603
4270,Male,45-49,7,13211
4271,Male,35-44,7,83405
4272,Male,45-49,17,37923
4273,Male,45-49,13,30030
4274,Female,45-49,1,04258
4275,Female,45-49,16,14468
4276,Female,45-49,0,96821
4277,Male,35-44,16,98133
4278,Female,45-49,7,09094
4279,Male,25-34,16,43215
4280,Male,35-44,17,27587
4281,Male,56+,13,92120
4282,Male,35-44,0,15801
4283,Female,25-34,9,98632
4284,Male,50-55,7,40601
4285,Male,35-44,0,62704
4286,Male,35-44,17,11554
4287,Male,25-34,7,35244
4288,Female,25-34,9,46580
4289,Male,35-44,14,32068
4290,Male,25-34,17,98661
4291,Male,35-44,14,98125
4292,Male,25-34,0,98178
4293,Female,45-49,9,55391
4294,Male,<18,10,75633
4295,Male,18-24,18,90605
4296,Male,56+,6,33030
4297,Male,45-49,15,55391
4298,Female,18-24,14,85705
4299,Female,25-34,2,43617
4300,Female,18-24,4,98125
4301,Male,35-44,11,38135
4302,Male,50-55,1,45385
4303,Male,25-34,2,91910
4304,Male,18-24,0,46250
4305,Female,45-49,17,27616
4306,Male,45-49,7,67301
4307,Male,25-34,0,94122
4308,Male,25-34,0,33702
4309,Male,25-34,0,36301
4310,Male,25-34,4,57006
4311,Male,50-55,13,68502
4312,Male,25-34,18,78757
4313,Female,25-34,7,07067
4314,Male,25-34,17,79925
4315,Male,18-24,4,44266
4316,Male,25-34,6,75080
4317,Female,35-44,14,60202
4318,Male,25-34,5,02891
4319,Male,35-44,7,44125
4320,Male,25-34,5,89114
4321,Male,45-49,7,80525
4322,Female,50-55,6,75605
4323,Male,18-24,4,82072
4324,Male,25-34,5,60010
4325,Male,25-34,0,30082
4326,Female,45-49,13,94931
4327,Male,35-44,17,37221
4328,Male,50-55,3,75650
4329,Female,25-34,14,78232
4330,Female,45-49,6,85719
4331,Male,35-44,6,45011
4332,Female,25-34,3,60606
4333,Male,50-55,2,33134
4334,Male,25-34,1,70458
4335,Male,35-44,0,74011
4336,Female,25-34,0,40241
4337,Male,18-24,20,76135
4338,Female,18-24,5,46222
4339,Male,25-34,2,78748
4340,Female,25-34,17,76021
4341,Male,35-44,17,33433
4342,Male,25-34,0,66614
4343,Male,25-34,12,75007
4344,Male,25-34,1,44240
4345,Female,25-34,14,44304
4346,Male,18-24,17,45701
4347,Female,18-24,20,77304
4348,Male,45-49,0,30189
4349,Male,18-24,2,95843
4350,Male,18-24,2,29118
4351,Male,25-34,12,37919
4352,Male,18-24,4,11010
4353,Male,25-34,7,11215
4354,Male,35-44,14,78611
4355,Male,50-55,14,08028
4356,Male,35-44,16,85730
4357,Female,35-44,9,83616
4358,Male,35-44,17,04457
4359,Male,18-24,4,33168
4360,Female,25-34,9,98001
4361,Male,35-44,15,83616
4362,Male,25-34,17,85016
4363,Male,35-44,14,91602
4364,Male,25-34,18,98001
4365,Female,50-55,16,46350
4366,Male,18-24,15,02215
4367,Male,35-44,0,52057
4368,Male,18-24,17,22043
4369,Male,50-55,7,30306
4370,Male,25-34,16,07701
4371,Female,18-24,4,63109
4372,Male,35-44,17,75010
4373,Male,50-55,12,32920
4374,Male,18-24,4,43201
4375,Female,25-34,5,40241
4376,Female,25-34,5,27203
4377,Male,25-34,0,32444
4378,Male,18-24,17,06040
4379,Male,25-34,4,27278
4380,Female,25-34,1,37153
4381,Male,25-34,4,65804
4382,Male,25-34,18,14620
4383,Female,18-24,4,93940
4384,Male,25-34,0,43623
4385,Male,25-34,4,93940
4386,Male,25-34,5,74055
4387,Female,18-24,4,63109
4388,Male,45-49,3,75074
4389,Male,25-34,4,48072
4390,Male,25-34,0,11201
4391,Female,18-24,4,43402
4392,Male,18-24,4,43402
4393,Male,18-24,4,43402
4394,Male,25-34,4,43402
4395,Male,50-55,6,43402
4396,Male,18-24,1,44221
4397,Male,18-24,4,43402
4398,Female,18-24,4,43612
4399,Female,18-24,4,43403
4400,Female,18-24,4,43402
4401,Male,18-24,4,10027
4402,Female,18-24,14,43614
4403,Male,25-34,15,90066
4404,Male,25-34,1,57106
4405,Male,25-34,14,98103
4406,Male,25-34,16,80013
4407,Male,18-24,4,02143
4408,Female,45-49,2,19033
4409,Male,25-34,14,65023
4410,Male,18-24,19,40475
4411,Male,18-24,4,92122
4412,Male,18-24,4,16802
4413,Male,<18,13,37130
4414,Male,25-34,4,40504
4415,Male,18-24,0,02215
4416,Male,18-24,4,02134
4417,Male,25-34,15,02135
4418,Female,50-55,0,02139
4419,Female,45-49,12,15801
4420,Male,25-34,15,92557
4421,Male,45-49,0,90024
4422,Male,25-34,5,10463
4423,Male,18-24,4,52241
4424,Male,25-34,7,94109
4425,Male,35-44,7,98607
4426,Male,45-49,17,93401
4427,Male,18-24,0,51104
4428,Male,25-34,14,46940
4429,Male,25-34,5,85705
4430,Female,25-34,0,94403
4431,Male,<18,14,80401
4432,Male,25-34,12,21045
4433,Male,25-34,0,43081
4434,Female,35-44,7,60201
4435,Male,25-34,7,76904
4436,Male,25-34,12,19067
4437,Female,35-44,5,47129
4438,Male,50-55,0,11947
4439,Male,35-44,6,37664
4440,Male,35-44,1,81005
4441,Male,18-24,4,98105
4442,Male,50-55,15,94303
4443,Male,56+,2,91321
4444,Female,25-34,12,80126
4445,Male,25-34,3,19806
4446,Male,18-24,18,60435
4447,Male,45-49,5,32953
4448,Male,25-34,14,06880
4449,Male,25-34,12,27513
4450,Male,25-34,15,60611
4451,Male,25-34,14,30101
4452,Female,25-34,7,78666
4453,Male,35-44,0,95667
4454,Male,25-34,20,111225
4455,Male,35-44,7,27511
4456,Female,35-44,2,49770
4457,Male,35-44,14,95492
4458,Female,25-34,4,15701-2017
4459,Male,25-34,1,28027
4460,Male,25-34,14,70005
4461,Male,25-34,20,81101
4462,Female,25-34,0,60156
4463,Male,50-55,7,07405
4464,Female,50-55,1,62052
4465,Male,18-24,4,02148
4466,Male,35-44,11,10022
4467,Female,50-55,6,15333
4468,Female,35-44,7,75601
4469,Female,45-49,12,92037
4470,Male,35-44,12,15089
4471,Male,25-34,6,94108
4472,Female,45-49,16,14424
4473,Male,35-44,1,94121
4474,Male,35-44,7,28805
4475,Male,18-24,4,10020
4476,Male,45-49,1,50588
4477,Male,25-34,7,98908
4478,Male,<18,12,02138
4479,Male,50-55,13,33015
4480,Male,25-34,0,94403
4481,Male,25-34,18,26104
4482,Female,35-44,1,94044
4483,Female,25-34,6,72703
4484,Female,25-34,17,94613
4485,Male,25-34,4,64112
4486,Male,35-44,8,98674
4487,Male,25-34,7,01850
4488,Male,35-44,7,72703
4489,Male,18-24,4,78613
4490,Male,35-44,5,70123
4491,Male,18-24,4,52405
4492,Male,56+,13,45322-3132
4493,Female,<18,10,10025
4494,Male,45-49,0,33460
4495,Male,18-24,4,22906
4496,Male,45-49,2,06513
4497,Male,50-55,0,29678
4498,Male,50-55,7,76054
4499,Male,25-34,6,62702
4500,Male,50-55,7,76054
4501,Male,25-34,17,94118
4502,Male,50-55,0,01379
4503,Male,56+,1,85374
4504,Female,25-34,0,65775
4505,Male,50-55,7,39648
4506,Male,50-55,16,29464
4507,Male,18-24,4,61820
4508,Male,25-34,20,15701
4509,Male,25-34,7,38261
4510,Male,45-49,7,92503
4511,Male,35-44,7,62234
4512,Male,25-34,1,16508
4513,Male,56+,0,61704
4514,Male,18-24,3,48604
4515,Male,56+,13,29449
4516,Male,18-24,4,53142
4517,Female,18-24,1,48067
4518,Male,25-34,0,80903
4519,Male,50-55,7,38135
4520,Male,25-34,4,45810
4521,Male,35-44,12,15202
4522,Male,45-49,1,81004
4523,Male,18-24,2,55304
4524,Male,25-34,2,55113
4525,Male,25-34,14,10021
4526,Male,25-34,20,10012
4527,Male,18-24,0,38111
4528,Male,25-34,14,27605
4529,Male,35-44,6,84102
4530,Female,35-44,1,92103
4531,Male,18-24,4,85701
4532,Male,25-34,7,10025
4533,Male,25-34,12,53045
4534,Male,18-24,4,72202
4535,Male,18-24,19,17517
4536,Male,18-24,12,53715
4537,Female,45-49,1,01379
4538,Male,25-34,12,0956456
4539,Male,35-44,19,01054
4540,Female,25-34,14,94301
4541,Male,<18,10,55427
4542,Male,35-44,0,94610
4543,Male,25-34,2,11105
4544,Male,56+,1,53705
4545,Male,25-34,16,47274
4546,Male,25-34,7,49686
4547,Male,18-24,12,02115
4548,Male,18-24,2,27514
4549,Female,<18,10,99016
4550,Male,18-24,16,24541
4551,Male,18-24,12,60622
4552,Male,25-34,0,22306
4553,Female,35-44,16,48237
4554,Female,25-34,9,48306
4555,Female,18-24,9,73008
4556,Male,45-49,16,55011
4557,Male,25-34,14,02134
4558,Male,35-44,14,48217
4559,Male,25-34,7,05346
4560,Male,25-34,0,69301
4561,Female,25-34,9,84037
4562,Male,35-44,10,94133
4563,Female,25-34,6,22903
4564,Male,35-44,12,19107
4565,Male,35-44,14,94085
4566,Male,35-44,17,19473
4567,Male,18-24,4,98105
4568,Female,25-34,4,90034
4569,Male,25-34,0,21532
4570,Male,45-49,17,60185
4571,Male,35-44,7,21013
4572,Female,<18,10,17036
4573,Male,50-55,16,11963
4574,Male,25-34,4,60614
4575,Female,<18,10,03608
4576,Female,25-34,7,48237
4577,Male,35-44,7,48306
4578,Male,25-34,0,02134
4579,Female,18-24,4,63332
4580,Female,56+,13,97113
4581,Male,25-34,1,19103
4582,Female,25-34,0,55408
4583,Male,50-55,1,48371
4584,Female,45-49,0,11372
4585,Male,35-44,7,30324
4586,Male,25-34,4,01604
4587,Male,35-44,14,07920
4588,Female,25-34,4,48042
4589,Male,25-34,17,02139
4590,Female,18-24,20,55104
4591,Male,25-34,15,02143
4592,Male,18-24,4,66044
4593,Female,45-49,1,43202
4594,Male,35-44,16,55303
4595,Male,25-34,18,97034
4596,Female,18-24,4,94611
4597,Female,25-34,4,22207
4598,Female,35-44,3,48237
4599,Female,35-44,0,04287
4600,Male,25-34,0,46240
4601,Male,35-44,14,55415
4602,Male,35-44,7,10021
4603,Female,35-44,2,33619
4604,Male,25-34,15,10461
4605,Male,25-34,15,92656
4606,Female,<18,10,90291
4607,Male,25-34,0,27403
4608,Female,25-34,0,02144
4609,Female,25-34,4,53951
4610,Female,25-34,4,53951
4611,Female,18-24,4,78705
4612,Female,18-24,4,94702
4613,Male,25-34,12,41042
4614,Female,45-49,1,10469
4615,Male,25-34,17,61615
4616,Male,25-34,20,11717
4617,Female,25-34,6,55433
4618,Male,25-34,14,97202
4619,Female,25-34,1,97225
4620,Female,18-24,17,94606
4621,Male,25-34,4,94305
4622,Male,25-34,12,55433
4623,Male,25-34,16,22207
4624,Male,25-34,12,84062
4625,Male,25-34,7,92691
4626,Male,25-34,14,97219
4627,Male,56+,1,45224
4628,Female,56+,6,23225
4629,Female,18-24,4,94309
4630,Female,25-34,4,94610
4631,Male,18-24,4,94111
4632,Male,25-34,0,98040
4633,Male,<18,0,48302
4634,Male,50-55,20,98119
4635,Male,18-24,4,94703
4636,Male,18-24,2,10010
4637,Female,35-44,9,48302
4638,Male,25-34,4,55417
4639,Male,35-44,11,20895
4640,Male,25-34,4,55417
4641,Male,25-34,7,20016
4642,Male,25-34,0,44691
4643,Male,25-34,0,98115
4644,Male,50-55,1,19481
4645,Female,50-55,6,48094
4646,Female,25-34,6,90405
4647,Male,35-44,20,80222
4648,Male,18-24,4,73071
4649,Male,56+,13,10025
4650,Male,25-34,7,30041
4651,Female,45-49,0,10036
4652,Female,25-34,7,94115
4653,Male,35-44,12,95051
4654,Male,35-44,20,94574
4655,Female,25-34,1,92037
4656,Male,25-34,17,94041
4657,Male,45-49,14,55416
4658,Male,25-34,4,99163
4659,Female,25-34,14,37076
4660,Female,18-24,4,06074
4661,Male,45-49,15,85255
4662,Female,18-24,4,84109
4663,Male,25-34,4,92037
4664,Female,45-49,7,77006
4665,Male,35-44,2,03431
4666,Male,35-44,1,53704
4667,Male,25-34,14,94117
4668,Male,35-44,14,74012
4669,Male,35-44,7,19004
4670,Male,35-44,5,91343
4671,Male,25-34,12,94043
4672,Male,56+,13,94306
4673,Male,35-44,16,94705
4674,Female,35-44,7,08318
4675,Female,18-24,4,27514
4676,Male,45-49,14,46038
4677,Male,50-55,6,05055
4678,Male,35-44,2,90292
4679,Male,56+,13,76051
4680,Male,35-44,0,04473
4681,Female,35-44,15,06119
4682,Male,25-34,7,05346
4683,Male,25-34,0,22101
4684,Female,25-34,0,04473
4685,Male,35-44,1,55454
4686,Male,18-24,1,50201
4687,Male,35-44,14,01746
4688,Male,25-34,9,44310
4689,Male,18-24,12,02215
4690,Female,<18,10,79605
4691,Female,45-49,17,55419
4692,Female,25-34,7,78703
4693,Male,18-24,1,60626
4694,Male,56+,7,40505
4695,Male,18-24,18,56002
4696,Male,18-24,12,10027
4697,Male,18-24,10,79605
4698,Female,25-34,6,55417
4699,Female,18-24,0,91765
4700,Female,18-24,4,48109
4701,Male,45-49,17,18036
4702,Male,25-34,11,13031
4703,Male,25-34,7,02035
4704,Male,18-24,20,02601
4705,Female,18-24,0,75115
4706,Male,25-34,14,68502
4707,Male,<18,0,92804
4708,Male,25-34,0,60647
4709,Male,45-49,0,06804
4710,Female,35-44,16,24450
4711,Male,25-34,17,32250
4712,Male,35-44,17,03824
4713,Male,25-34,17,90245
4714,Male,50-55,1,55405
4715,Male,25-34,2,97205
4716,Female,25-34,16,02465
4717,Male,45-49,17,48310
4718,Male,35-44,7,03885
4719,Female,35-44,9,02816
4720,Male,25-34,2,90035
4721,Male,35-44,11,95405
4722,Male,35-44,12,55122
4723,Male,35-44,7,90014-1718
4724,Female,56+,6,01852
4725,Male,35-44,5,96707-1321
4726,Female,35-44,16,95828
4727,Female,56+,0,98801
4728,Male,25-34,19,31401
4729,Male,50-55,16,55347
4730,Male,50-55,11,04102
4731,Male,25-34,17,98033
4732,Male,25-34,14,24450
4733,Male,18-24,18,52301
4734,Male,50-55,1,93105
4735,Male,45-49,3,50312
4736,Male,18-24,20,91505
4737,Male,35-44,16,19003
4738,Male,56+,1,23608
4739,Male,25-34,3,32580
4740,Female,25-34,3,38134
4741,Male,35-44,7,15203
4742,Male,25-34,3,94118
4743,Male,56+,13,63122
4744,Male,50-55,15,12740
4745,Female,18-24,4,06268
4746,Male,50-55,1,19087-3622
4747,Male,18-24,4,26201
4748,Male,45-49,16,60302
4749,Male,45-49,0,23462
4750,Female,25-34,0,91107
4751,Male,50-55,15,02474
4752,Female,18-24,4,94121
4753,Male,56+,1,03825
4754,Female,18-24,0,91107
4755,Female,56+,7,93060
4756,Male,56+,16,55901
4757,Male,35-44,17,23451
4758,Female,56+,13,03261
4759,Female,50-55,0,04259
4760,Male,35-44,17,06110
4761,Male,18-24,15,21042
4762,Female,25-34,14,94110
4763,Male,56+,11,04259
4764,Male,<18,10,03608
4765,Female,35-44,16,03301
4766,Male,35-44,16,10014
4767,Female,35-44,9,03769
4768,Male,25-34,4,22030
4769,Male,25-34,1,02571
4770,Female,35-44,7,10012
4771,Female,25-34,4,04101
4772,Male,56+,17,03801
4773,Male,45-49,1,22314
4774,Male,45-49,14,07458
4775,Male,25-34,17,23462
4776,Female,25-34,3,46227
4777,Male,25-34,2,46142
4778,Male,25-34,0,46227
4779,Male,45-49,3,04011
4780,Male,25-34,12,94114
4781,Female,50-55,6,04086
4782,Male,45-49,1,78212
4783,Male,25-34,0,60618
4784,Female,35-44,6,48105
4785,Female,25-34,14,55104
4786,Male,45-49,6,22630
4787,Male,<18,11,94610
4788,Male,35-44,7,85331
4789,Male,35-44,2,55104
4790,Female,25-34,2,94133
4791,Male,18-24,4,55116
4792,Female,50-55,7,94123
4793,Female,25-34,6,48108
4794,Female,35-44,0,46142
4795,Male,45-49,16,10962
4796,Male,35-44,7,98103
4797,Female,35-44,17,84067
4798,Male,25-34,1,19335
4799,Female,18-24,4,02809
4800,Male,18-24,4,80521
4801,Male,25-34,4,30349
4802,Male,56+,1,40601
4803,Female,25-34,16,45750
4804,Female,35-44,1,44107
4805,Male,35-44,1,45750
4806,Male,25-34,17,90031
4807,Male,<18,2,04101
4808,Male,35-44,0,96707-1321
4809,Female,50-55,4,20902
4810,Male,18-24,12,80526
4811,Male,35-44,1,01773
4812,Male,18-24,14,25301
4813,Female,35-44,9,46077
4814,Male,18-24,14,80526
4815,Female,50-55,18,04849
4816,Female,45-49,6,04240
4817,Male,25-34,1,20912
4818,Female,25-34,17,91007
4819,Male,35-44,18,17350
4820,Male,50-55,11,04210
4821,Male,18-24,19,75080
4822,Female,35-44,0,01545
4823,Male,18-24,4,46219
4824,Male,25-34,7,55411
4825,Male,25-34,17,94602
4826,Male,45-49,12,55436
4827,Male,35-44,0,13045
4828,Female,18-24,20,60194
4829,Male,25-34,0,20008
4830,Male,<18,10,55317
4831,Female,25-34,1,04210
4832,Male,25-34,14,17857
4833,Male,35-44,16,81321
4834,Female,45-49,9,03862
4835,Male,25-34,20,14450
4836,Female,45-49,16,04074
4837,Male,25-34,5,46254
4838,Male,45-49,1,48309
4839,Female,50-55,6,95014
4840,Female,45-49,6,63135
4841,Male,25-34,12,94114
4842,Female,35-44,1,23062
4843,Male,56+,1,04032
4844,Male,45-49,7,03840
4845,Female,25-34,1,55413
4846,Female,25-34,2,90066
4847,Male,25-34,12,94131
4848,Female,35-44,6,54971
4849,Female,18-24,4,44515
4850,Female,45-49,3,44555
4851,Male,18-24,17,44406
4852,Male,35-44,0,42025
4853,Male,25-34,7,55346
4854,Female,50-55,13,03851
4855,Male,25-34,12,90034
4856,Male,25-34,7,94110
4857,Male,25-34,14,23434
4858,Male,25-34,1,04086
4859,Female,18-24,14,50401
4860,Male,25-34,2,60640
4861,Male,25-34,4,04309
4862,Male,25-34,0,94086
4863,Female,25-34,9,84037
4864,Male,18-24,20,63132
4865,Female,35-44,14,02130
4866,Male,56+,12,04085
4867,Male,25-34,16,04101
4868,Male,35-44,17,03820
4869,Female,45-49,6,04578
4870,Female,35-44,3,04108
4871,Male,18-24,12,04096
4872,Male,45-49,1,03909
4873,Male,56+,11,13760
4874,Female,25-34,4,70808
4875,Male,35-44,0,97403
4876,Female,35-44,17,98201
4877,Male,25-34,4,94703
4878,Male,50-55,4,94070
4879,Male,25-34,3,60626
4880,Female,45-49,9,95030
4881,Male,45-49,16,55406
4882,Male,45-49,11,03301
4883,Female,<18,10,02906
4884,Male,35-44,14,90266
4885,Male,56+,1,23513
4886,Female,35-44,17,92509
4887,Male,18-24,2,19072
4888,Female,56+,0,08055
4889,Male,18-24,4,63108
4890,Female,25-34,1,79928
4891,Male,35-44,17,94132
4892,Male,25-34,12,55405
4893,Male,25-34,17,48092
4894,Male,35-44,7,14607
4895,Female,25-34,3,52001
4896,Male,35-44,6,84103
4897,Male,35-44,16,16844
4898,Male,25-34,1,27713
4899,Male,25-34,12,94402
4900,Male,25-34,20,33626
4901,Male,25-34,7,11228
4902,Male,35-44,14,84057
4903,Male,35-44,12,95952
4904,Male,50-55,15,63121
4905,Female,45-49,1,60417
4906,Male,50-55,17,49506
4907,Female,50-55,7,55082
4908,Male,35-44,15,85282
4909,Female,35-44,12,94014
4910,Male,18-24,12,84041
4911,Female,25-34,0,55421
4912,Female,50-55,20,98115
4913,Female,25-34,1,970025
4914,Female,25-34,1,02453
4915,Male,25-34,12,91423
4916,Male,18-24,20,85054
4917,Male,45-49,0,27312
4918,Female,18-24,12,84107
4919,Male,18-24,0,84058
4920,Male,35-44,1,02144
4921,Female,25-34,15,92507
4922,Male,18-24,17,98121
4923,Male,45-49,18,99826
4924,Female,35-44,0,99801
4925,Female,35-44,6,55401
4926,Male,<18,10,55616
4927,Male,45-49,0,97520
4928,Female,25-34,3,92103
4929,Male,45-49,1,63105
4930,Male,50-55,17,63033
4931,Male,50-55,17,90031
4932,Male,25-34,7,63303
4933,Male,25-34,15,94040
4934,Female,25-34,0,55108
4935,Male,35-44,17,62958
4936,Female,18-24,4,63144
4937,Male,35-44,0,02108
4938,Female,18-24,4,55406
4939,Male,25-34,7,63105
4940,Female,50-55,11,94102
4941,Male,56+,20,44281
4942,Male,45-49,12,40515
4943,Female,50-55,0,55401
4944,Male,50-55,17,14568
4945,Male,50-55,0,62234
4946,Female,35-44,1,91106
4947,Male,35-44,17,90035
4948,Male,45-49,2,94618
4949,Male,18-24,4,55104
4950,Male,25-34,16,55421
4951,Female,35-44,17,90291
4952,Female,25-34,14,48067
4953,Male,35-44,12,55082
4954,Male,45-49,0,92679
4955,Male,56+,13,55804
4956,Male,35-44,15,77007
4957,Male,25-34,2,48197
4958,Male,18-24,7,55403
4959,Male,25-34,17,23454
4960,Male,56+,1,55116
4961,Male,25-34,7,46220
4962,Male,25-34,6,55439
4963,Male,45-49,17,94931
4964,Male,35-44,0,94110
4965,Male,<18,10,63123-1507
4966,Male,50-55,14,55407
4967,Male,18-24,4,94708
4968,Female,50-55,20,95404
4969,Male,18-24,19,94111
4970,Female,25-34,12,94526
4971,Male,35-44,7,94086
4972,Male,35-44,0,95118
4973,Female,56+,2,949702
4974,Male,35-44,20,94131
4975,Male,35-44,0,90065
4976,Male,25-34,11,65775
4977,Male,25-34,4,92507
4978,Male,35-44,14,68108
4979,Male,35-44,2,55423
4980,Male,25-34,1,55403
4981,Male,50-55,1,55406
4982,Male,25-34,12,63043
4983,Female,45-49,16,55116
4984,Male,35-44,0,55405
4985,Male,35-44,0,29063
4986,Male,18-24,12,55401
4987,Female,56+,8,90210
4988,Male,25-34,17,55105
4989,Male,25-34,0,55121
4990,Female,25-34,4,55407
4991,Female,56+,14,91791
4992,Female,25-34,2,55106
4993,Male,45-49,17,54022
4994,Male,45-49,17,56001
4995,Male,50-55,20,55419
4996,Male,35-44,7,94550
4997,Male,<18,10,90210
4998,Female,18-24,4,48433
4999,Female,56+,13,92407
5000,Male,25-34,4,46254
5001,Female,25-34,2,63119
5002,Male,25-34,17,90505
5003,Male,35-44,12,49508
5004,Female,56+,1,90402
5005,Male,45-49,16,92807
5006,Male,35-44,3,48827
5007,Female,18-24,4,91030
5008,Male,25-34,20,60615
5009,Female,45-49,16,65441
5010,Male,45-49,15,63119
5011,Male,18-24,4,64154
5012,Male,50-55,15,48103
5013,Male,18-24,4,26241
5014,Male,45-49,0,92626
5015,Male,35-44,6,92672
5016,Female,35-44,1,89447
5017,Male,35-44,12,91104
5018,Female,56+,12,90290
5019,Male,25-34,7,10025
5020,Female,56+,13,90241
5021,Male,50-55,6,90504
5022,Male,35-44,7,91001
5023,Male,35-44,20,91505
5024,Female,45-49,1,14618
5025,Male,25-34,20,60615
5026,Male,25-34,17,92584
5027,Female,25-34,14,05345
5028,Male,25-34,12,92404
5029,Male,25-34,4,70115
5030,Male,18-24,1,70006
5031,Female,25-34,4,89431
5032,Male,18-24,17,02139
5033,Female,56+,13,60506
5034,Female,25-34,15,62901
5035,Female,25-34,17,19810
5036,Male,35-44,7,14850
5037,Male,35-44,12,11375
5038,Male,25-34,20,10010
5039,Female,35-44,4,97068
5040,Male,45-49,12,44312
5041,Female,45-49,6,60031
5042,Female,18-24,2,55408
5043,Female,18-24,6,92145
5044,Female,35-44,6,23507
5045,Male,35-44,0,43081
5046,Male,25-34,16,60614
5047,Male,45-49,6,23452
5048,Female,35-44,7,30350
5049,Male,25-34,12,60613
5050,Female,18-24,4,11024
5051,Female,50-55,7,11771
5052,Male,35-44,16,02536
5053,Male,25-34,4,84111
5054,Male,35-44,2,20818
5055,Female,35-44,16,97330
5056,Male,45-49,1,16673
5057,Male,50-55,7,84093
5058,Male,56+,17,84121
5059,Male,45-49,16,22652
5060,Male,45-49,17,84109-2001
5061,Female,18-24,19,05070
5062,Male,50-55,16,65401
5063,Female,<18,10,22801
5064,Male,18-24,4,43215
5065,Male,25-34,14,28715
5066,Female,25-34,1,23603
5067,Male,56+,13,97520
5068,Male,35-44,7,19004
5069,Female,56+,0,95062
5070,Male,25-34,2,55344
5071,Female,25-34,7,75093
5072,Male,45-49,17,97330
5073,Male,56+,2,93950
5074,Male,<18,0,20132
5075,Male,50-55,6,97470
5076,Male,25-34,3,19147
5077,Male,25-34,2,20037
5078,Male,45-49,7,19067
5079,Male,25-34,4,70003
5080,Female,50-55,12,95472
5081,Female,18-24,4,19102
5082,Male,35-44,1,23185
5083,Male,25-34,4,16803
5084,Male,18-24,4,10013
5085,Male,56+,17,75225
5086,Male,25-34,1,23462
5087,Female,25-34,6,19102
5088,Male,25-34,17,38111
5089,Female,35-44,16,77027
5090,Female,35-44,19,75069
5091,Male,25-34,17,19810
5092,Male,56+,14,18954
5093,Male,50-55,7,19047
5094,Male,18-24,10,67206
5095,Female,35-44,1,23508
5096,Male,25-34,11,75206
5097,Male,56+,16,19131
5098,Male,50-55,7,19380
5099,Male,18-24,0,02780
5100,Male,50-55,6,193122042
5101,Male,25-34,0,90069
5102,Male,25-34,12,90240
5103,Female,35-44,16,78222
5104,Male,35-44,20,19108
5105,Male,50-55,7,18977
5106,Female,35-44,1,19348
5107,Female,45-49,0,08081
5108,Female,25-34,9,93940
5109,Female,45-49,6,19802
5110,Male,35-44,15,78250
5111,Male,35-44,2,78006
5112,Male,35-44,13,89128
5113,Male,25-34,0,55408
5114,Female,<18,10,22932
5115,Male,56+,12,02143
5116,Male,35-44,6,95521
5117,Female,25-34,0,70118
5118,Male,<18,10,95123
5119,Female,25-34,0,10011
5120,Male,50-55,7,80302
5121,Male,25-34,7,91608
5122,Male,25-34,0,20009
5123,Male,50-55,12,34761
5124,Male,35-44,2,20818
5125,Male,45-49,0,10016
5126,Male,25-34,11,02453
5127,Male,45-49,5,98502
5128,Male,50-55,7,94709
5129,Male,45-49,17,40515
5130,Female,50-55,1,33149
5131,Female,25-34,1,77707
5132,Male,35-44,7,77565
5133,Male,18-24,11,10028
5134,Male,25-34,17,95014
5135,Male,35-44,7,64055
5136,Male,25-34,12,91106
5137,Male,18-24,18,65265
5138,Male,25-34,17,35205
5139,Male,50-55,16,12866
5140,Male,25-34,6,35205
5141,Male,18-24,17,55423
5142,Male,25-34,1,92101
5143,Male,18-24,4,44502
5144,Female,50-55,0,66762
5145,Male,35-44,7,77565-2332
5146,Male,56+,1,04240
5147,Male,18-24,0,48314
5148,Male,25-34,20,98101
5149,Male,35-44,1,10012
5150,Male,25-34,3,98034
5151,Male,18-24,19,30662
5152,Female,25-34,4,44406
5153,Male,25-34,7,60046
5154,Male,25-34,16,20007
5155,Male,25-34,16,33301
5156,Male,18-24,14,10024
5157,Male,35-44,1,74012
5158,Female,18-24,4,44509
5159,Male,35-44,7,37027
5160,Female,18-24,4,90066
5161,Male,25-34,4,30052
5162,Male,25-34,17,94043
5163,Male,45-49,6,53216
5164,Female,35-44,17,91107
5165,Male,35-44,6,91103
5166,Male,50-55,6,42420
5167,Male,18-24,15,06114
5168,Male,35-44,7,01720
5169,Female,50-55,4,53562
5170,Male,18-24,4,63141
5171,Male,56+,17,92009
5172,Female,35-44,11,05602
5173,Male,<18,10,60423
5174,Male,45-49,1,45208
5175,Female,35-44,9,33445
5176,Male,<18,10,60423
5177,Male,45-49,14,30005
5178,Male,50-55,0,45420
5179,Male,25-34,12,94110
5180,Male,35-44,11,85044
5181,Male,25-34,7,19003
5182,Female,35-44,7,55441
5183,Female,18-24,20,45202
5184,Male,18-24,20,67212
5185,Female,35-44,4,44485
5186,Male,35-44,12,96555
5187,Male,18-24,16,06510
5188,Female,35-44,9,44406
5189,Female,45-49,7,80304
5190,Female,35-44,0,85024
5191,Female,25-34,4,55455
5192,Male,25-34,7,80303
5193,Male,35-44,12,14619
5194,Male,25-34,7,55409
5195,Male,35-44,7,80304
5196,Male,56+,7,20814
5197,Female,56+,3,75001
5198,Female,18-24,4,55118
5199,Female,25-34,1,35243
5200,Female,35-44,15,43065
5201,Male,50-55,7,95376
5202,Male,18-24,4,02871
5203,Female,45-49,6,01545
5204,Male,50-55,13,56342
5205,Male,25-34,1,02908
5206,Male,35-44,7,91302
5207,Male,25-34,0,98102
5208,Male,25-34,4,55455
5209,Male,50-55,1,46077
5210,Female,35-44,17,60618
5211,Male,25-34,1,40214
5212,Male,18-24,2,90025
5213,Male,18-24,0,31211
5214,Female,35-44,9,07452
5215,Female,56+,6,91941
5216,Male,18-24,2,81291
5217,Male,25-34,17,01060
5218,Male,18-24,0,89129
5219,Male,18-24,4,94706
5220,Male,25-34,7,91436
5221,Female,56+,1,96734
5222,Male,25-34,12,94501
5223,Male,56+,10,11361
5224,Male,35-44,1,10016
5225,Male,18-24,4,55120
5226,Male,35-44,0,98122
5227,Male,18-24,10,64050
5228,Male,<18,0,75070
5229,Male,25-34,0,60173
5230,Male,25-34,12,91104
5231,Male,35-44,7,92506
5232,Male,25-34,4,14607
5233,Male,25-34,5,97213
5234,Female,25-34,0,60657
5235,Male,25-34,4,14607
5236,Male,25-34,14,46268
5237,Male,25-34,7,55441
5238,Female,50-55,16,07462
5239,Male,35-44,7,07043
5240,Female,25-34,0,94104
5241,Female,25-34,4,02138
5242,Male,25-34,1,14608
5243,Male,<18,10,54220
5244,Male,18-24,4,01095
5245,Female,45-49,1,27615
5246,Female,18-24,0,64030
5247,Female,<18,10,01915
5248,Female,45-49,14,22206
5249,Female,45-49,14,75006
5250,Male,50-55,6,01545
5251,Female,25-34,17,97330
5252,Male,25-34,20,60622
5253,Female,56+,13,02838
5254,Male,18-24,4,32606
5255,Male,<18,10,55305
5256,Male,25-34,16,30269
5257,Female,25-34,2,10019
5258,Male,35-44,4,58369
5259,Male,25-34,6,94404
5260,Male,35-44,7,78705
5261,Male,35-44,12,10025
5262,Female,25-34,14,46220
5263,Male,35-44,7,40601
5264,Male,18-24,4,15217
5265,Male,45-49,1,97405
5266,Male,35-44,1,42718
5267,Male,35-44,7,20191
5268,Female,25-34,2,68502
5269,Male,18-24,0,37211
5270,Male,25-34,12,87571
5271,Female,25-34,0,94110
5272,Male,25-34,7,90210
5273,Male,56+,20,91030
5274,Male,25-34,0,60611
5275,Male,25-34,17,60611
5276,Female,25-34,4,91740
5277,Male,25-34,20,91740
5278,Female,25-34,7,55122
5279,Female,25-34,14,55418
5280,Male,18-24,4,12604
5281,Male,25-34,2,90210
5282,Female,18-24,4,63146
5283,Male,18-24,2,63138
5284,Male,25-34,16,55426
5285,Male,18-24,4,55410
5286,Male,45-49,16,97068
5287,Male,25-34,8,85203
5288,Male,56+,13,94114
5289,Male,45-49,2,94102
5290,Female,18-24,4,60613
5291,Male,45-49,1,44406
5292,Male,25-34,0,97401
5293,Male,25-34,12,95030
5294,Male,25-34,2,60626
5295,Male,35-44,7,55124
5296,Female,<18,0,27245
5297,Male,25-34,12,19067
5298,Male,35-44,17,55126
5299,Male,25-34,2,43202
5300,Male,25-34,20,94111
5301,Male,25-34,17,00693
5302,Female,<18,10,02332
5303,Female,56+,6,45504
5304,Female,35-44,9,55410
5305,Female,18-24,4,95602
5306,Female,25-34,17,92121
5307,Male,25-34,5,85281
5308,Male,56+,7,27410
5309,Male,25-34,0,02478
5310,Female,56+,1,60605
5311,Male,50-55,0,62025-8000
5312,Male,25-34,1,10463
5313,Male,56+,0,55406
5314,Female,25-34,0,94107
5315,Male,25-34,12,22903
5316,Male,18-24,4,55104
5317,Female,25-34,0,02138
5318,Male,18-24,17,98122
5319,Male,18-24,17,94941
5320,Female,18-24,5,43201
5321,Male,25-34,4,02457
5322,Male,35-44,17,97330
5323,Male,25-34,20,94122
5324,Male,25-34,7,02150
5325,Female,50-55,7,86001
5326,Male,25-34,2,55408
5327,Male,25-34,7,55408
5328,Female,25-34,4,91740
5329,Female,25-34,5,91773
5330,Female,25-34,0,19143
5331,Male,35-44,14,06880
5332,Male,18-24,4,30332
5333,Female,25-34,7,02332
5334,Female,56+,13,46140
5335,Male,25-34,14,75093
5336,Male,56+,7,75041
5337,Female,35-44,3,02725-1010
5338,Male,25-34,17,27609
5339,Male,18-24,17,60193
5340,Female,50-55,3,95032
5341,Female,25-34,3,85018
5342,Female,35-44,7,22039
5343,Female,25-34,9,60201
5344,Female,50-55,1,98177
5345,Female,25-34,17,80003
5346,Female,25-34,3,97330
5347,Male,25-34,6,53705
5348,Male,18-24,5,55414
5349,Female,50-55,2,97424
5350,Male,18-24,5,55344
5351,Female,45-49,1,85259
5352,Female,35-44,5,55306
5353,Male,25-34,6,77030
5354,Female,45-49,3,78759
5355,Male,56+,0,78232
5356,Male,45-49,0,78703
5357,Female,18-24,20,60123
5358,Male,35-44,7,10625
5359,Male,18-24,16,27705
5360,Male,18-24,12,43650
5361,Female,50-55,16,92026
5362,Male,35-44,13,63130
5363,Male,56+,13,30673
5364,Female,25-34,3,55408
5365,Male,18-24,12,90250
5366,Male,18-24,12,90045
5367,Male,18-24,4,55344
5368,Female,25-34,17,20120
5369,Male,25-34,15,02139
5370,Male,25-34,12,98074
5371,Male,25-34,11,55408
5372,Male,25-34,4,10549
5373,Male,18-24,12,55112
5374,Male,35-44,7,38018
5375,Male,25-34,0,02131
5376,Male,25-34,17,94538
5377,Female,18-24,3,10017
5378,Male,35-44,18,10463
5379,Male,25-34,7,84095
5380,Male,18-24,4,01125
5381,Male,25-34,14,10009
5382,Male,18-24,4,07461
5383,Male,35-44,1,55430
5384,Female,25-34,3,94117
5385,Male,25-34,12,85226
5386,Male,25-34,14,60045
5387,Female,25-34,1,45056
5388,Female,18-24,4,10580
5389,Male,45-49,7,01905
5390,Male,<18,0,78130
5391,Male,25-34,7,10016
5392,Male,50-55,1,98112
5393,Male,35-44,7,10471
5394,Male,18-24,0,60618
5395,Male,50-55,1,13224
5396,Male,25-34,6,89118
5397,Male,18-24,0,60451
5398,Male,56+,17,71301
5399,Male,25-34,1,12553
5400,Female,18-24,4,30010
5401,Female,18-24,1,20003
5402,Female,25-34,0,30102
5403,Male,<18,10,59801
5404,Male,25-34,0,30068
5405,Female,50-55,7,12866
5406,Female,35-44,0,49504
5407,Female,35-44,17,30096
5408,Male,25-34,20,11230-1710
5409,Male,45-49,1,60091
5410,Female,45-49,2,21212
5411,Female,<18,19,14850
5412,Male,25-34,12,97330
5413,Male,35-44,1,59801
5414,Male,<18,10,07652
5415,Female,25-34,7,03862
5416,Female,25-34,5,01801
5417,Male,18-24,17,19030
5418,Female,25-34,0,53589
5419,Female,18-24,12,05055
5420,Female,<18,19,14850
5421,Male,35-44,17,22030
5422,Male,50-55,7,94114
5423,Female,50-55,5,60714
5424,Female,35-44,2,80012
5425,Male,18-24,4,53211
5426,Male,25-34,14,95821
5427,Male,35-44,19,11201
5428,Female,25-34,6,28412
5429,Female,25-34,1,02460
5430,Female,45-49,1,26505
5431,Male,56+,1,19026
5432,Male,56+,13,01742
5433,Female,35-44,17,45014
5434,Female,25-34,7,60618
5435,Male,45-49,18,02557
5436,Male,18-24,4,90024
5437,Male,25-34,11,55426
5438,Male,25-34,14,60048
5439,Male,56+,13,19119
5440,Female,45-49,2,37923
5441,Male,50-55,7,95762
5442,Male,25-34,7,63110
5443,Male,25-34,12,01915
5444,Female,18-24,4,55449
5445,Male,25-34,0,43223
5446,Female,50-55,1,65203
5447,Male,45-49,2,60626
5448,Male,45-49,19,60626
5449,Male,18-24,12,01702
5450,Male,18-24,12,02143
5451,Female,25-34,1,98115
5452,Male,35-44,6,10011
5453,Male,18-24,4,30305
5454,Male,35-44,7,10001
5455,Female,18-24,17,55449
5456,Male,35-44,1,32312
5457,Male,18-24,12,55405
5458,Female,18-24,2,98102
5459,Female,<18,10,99016
5460,Male,18-24,4,02143
5461,Male,50-55,0,94025
5462,Male,25-34,17,89103
5463,Male,35-44,0,53202
5464,Male,35-44,7,77079
5465,Female,25-34,0,10019
5466,Male,25-34,12,98033
5467,Male,35-44,0,63366
5468,Male,25-34,12,94618
5469,Male,35-44,12,20171
5470,Male,56+,7,20003-2712
5471,Male,18-24,7,10016
5472,Male,35-44,1,27909
5473,Male,25-34,1,20120-6354
5474,Male,25-34,12,20009
5475,Male,25-34,4,94110
5476,Female,35-44,0,20037
5477,Male,35-44,1,55343
5478,Male,35-44,7,02766
5479,Male,35-44,1,50014
5480,Female,25-34,14,07030
5481,Male,45-49,12,55449
5482,Male,18-24,7,10014
5483,Female,25-34,6,15202
5484,Male,45-49,17,21742
5485,Male,25-34,4,08544
5486,Male,25-34,0,17821
5487,Male,25-34,17,95136
5488,Male,25-34,15,91125
5489,Male,18-24,7,94104
5490,Male,45-49,17,80907
5491,Male,18-24,7,10016
5492,Male,18-24,4,55104
5493,Male,35-44,12,96797
5494,Female,35-44,17,94306
5495,Female,18-24,4,95076
5496,Male,25-34,7,90069
5497,Male,25-34,4,60201
5498,Female,50-55,1,62901
5499,Female,25-34,19,60201
5500,Female,35-44,20,14850
5501,Male,25-34,2,33334
5502,Male,25-34,2,66044
5503,Female,25-34,9,55409
5504,Male,45-49,7,85287-2702
5505,Female,25-34,4,02141
5506,Female,18-24,14,60610
5507,Male,45-49,7,44325
5508,Male,25-34,20,94519
5509,Male,25-34,0,11215
5510,Male,18-24,4,191004
5511,Male,45-49,1,92407
5512,Female,25-34,17,01701
5513,Male,35-44,1,91768
5514,Female,<18,10,76501
5515,Male,18-24,4,16101
5516,Female,50-55,16,98257
5517,Male,56+,0,80210
5518,Male,50-55,17,78666
5519,Male,35-44,15,33167
5520,Male,45-49,1,18901
5521,Female,25-34,6,02118
5522,Male,25-34,14,02460
5523,Male,35-44,0,60187
5524,Female,<18,10,26505
5525,Female,<18,10,55311
5526,Female,35-44,2,27514
5527,Male,25-34,1,70803
5528,Male,50-55,1,45840
5529,Male,18-24,6,05273
5530,Female,18-24,4,63141
5531,Male,50-55,17,09056
5532,Male,25-34,17,27408
5533,Female,50-55,2,10025
5534,Male,45-49,16,30102
5535,Male,25-34,15,94538
5536,Male,25-34,16,67204
5537,Female,56+,1,10543
5538,Male,45-49,12,55102
5539,Female,25-34,20,91403
5540,Male,35-44,1,19149
5541,Male,56+,7,93924
5542,Male,45-49,7,11576
5543,Male,25-34,17,97401
5544,Male,25-34,15,08876
5545,Female,35-44,16,98072
5546,Male,18-24,14,26301
5547,Female,18-24,4,10025
5548,Female,18-24,4,02138
5549,Female,50-55,9,76034
5550,Male,35-44,15,48187
5551,Female,35-44,20,98103
5552,Male,50-55,7,23233
5553,Male,35-44,3,29425
5554,Male,25-34,1,92116
5555,Male,<18,10,37830
5556,Male,45-49,6,92103
5557,Male,35-44,14,33701
5558,Male,<18,10,02446
5559,Male,50-55,1,77706
5560,Female,35-44,17,98036
5561,Female,25-34,3,74075
5562,Female,35-44,1,54650
5563,Female,25-34,7,11753
5564,Male,45-49,20,02446
5565,Male,18-24,17,02114
5566,Male,35-44,7,20901
5567,Male,50-55,3,78704
5568,Male,18-24,4,49841
5569,Female,18-24,1,07666
5570,Male,25-34,1,07666
5571,Female,25-34,9,07307
5572,Female,25-34,4,63119
5573,Female,35-44,1,14619
5574,Male,25-34,0,20878
5575,Male,35-44,7,19808
5576,Male,25-34,4,55369
5577,Male,50-55,1,12970
5578,Female,18-24,1,02109
5579,Female,35-44,7,07039
5580,Male,45-49,7,01581
5581,Male,25-34,0,10016
5582,Male,45-49,1,50011
5583,Male,56+,15,37830
5584,Female,50-55,0,10016
5585,Male,25-34,4,10016
5586,Male,35-44,20,94107
5587,Male,25-34,17,22041
5588,Female,25-34,20,60640
5589,Female,25-34,0,04101
5590,Female,45-49,12,94117
5591,Male,18-24,0,10009
5592,Male,25-34,1,53706
5593,Male,50-55,16,90210
5594,Female,45-49,0,55419
5595,Male,25-34,20,90027
5596,Male,35-44,12,22201
5597,Female,18-24,4,95008
5598,Male,18-24,4,27607
5599,Male,35-44,7,90020
5600,Female,45-49,0,12833-2000
5601,Male,35-44,1,98225
5602,Male,35-44,0,97212
5603,Male,50-55,7,02461
5604,Male,35-44,15,63117
5605,Female,18-24,2,95008
5606,Female,25-34,14,21046
5607,Male,18-24,4,11209
5608,Male,18-24,3,78722
5609,Female,50-55,1,30602
5610,Female,25-34,1,54880
5611,Female,35-44,7,04015
5612,Female,25-34,1,02148
5613,Female,35-44,0,98622
5614,Male,25-34,0,12833
5615,Male,35-44,7,07028
5616,Male,45-49,1,08840
5617,Male,25-34,14,48336
5618,Female,18-24,4,92612
5619,Female,18-24,4,22310
5620,Male,35-44,14,55330
5621,Male,25-34,7,02135
5622,Male,35-44,15,01775
5623,Male,25-34,11,84109
5624,Male,25-34,7,19380
5625,Male,25-34,1,01760
5626,Male,56+,16,32043
5627,Male,25-34,0,07040
5628,Male,18-24,4,90024
5629,Male,25-34,14,02465
5630,Male,35-44,17,06854
5631,Male,35-44,12,01944
5632,Female,18-24,4,78628
5633,Male,50-55,1,98262
5634,Male,25-34,14,55406
5635,Female,35-44,9,06854
5636,Male,25-34,7,98102
5637,Male,<18,10,11102
5638,Male,18-24,1,32601
5639,Female,18-24,4,62025
5640,Male,35-44,17,78765
5641,Female,25-34,17,48473
5642,Male,<18,10,73013
5643,Female,35-44,1,84108
5644,Female,18-24,4,92833
5645,Male,25-34,2,87123
5646,Male,18-24,4,96744
5647,Male,18-24,1,62522
5648,Male,25-34,17,48473
5649,Female,18-24,4,90025
5650,Female,35-44,12,91104
5651,Female,25-34,6,74105
5652,Male,18-24,0,47901
5653,Male,50-55,1,74105
5654,Male,25-34,4,95616
5655,Female,25-34,6,77054
5656,Male,25-34,15,03755
5657,Male,50-55,14,92026
5658,Male,56+,0,32043
5659,Male,25-34,0,20874
5660,Male,25-34,2,78722
5661,Female,25-34,15,03255
5662,Male,<18,10,07960
5663,Female,35-44,20,75093
5664,Male,18-24,4,48363
5665,Male,18-24,4,10461-1301
5666,Male,18-24,16,11209
5667,Male,35-44,7,10009
5668,Female,25-34,3,41030
5669,Male,56+,1,90024
5670,Male,18-24,4,48109
5671,Male,25-34,1,02146
5672,Female,25-34,4,43212
5673,Female,35-44,1,55417
5674,Male,35-44,7,94306
5675,Male,35-44,14,30030
5676,Male,25-34,20,78746
5677,Male,25-34,1,13210
5678,Male,35-44,17,98103
5679,Male,35-44,2,33020
5680,Male,50-55,20,94117
5681,Female,25-34,7,92122
5682,Male,18-24,0,23455-4959
5683,Female,18-24,9,94538
5684,Male,18-24,16,94110
5685,Male,25-34,17,94117
5686,Male,56+,16,60610
5687,Female,<18,0,55403
5688,Female,18-24,4,78666
5689,Male,25-34,0,84119
5690,Male,18-24,4,78666
5691,Male,35-44,14,66013
5692,Female,25-34,7,29615
5693,Female,25-34,4,90034
5694,Female,25-34,12,90640
5695,Female,35-44,3,21221
5696,Female,25-34,14,97367
5697,Male,25-34,0,95826
5698,Male,35-44,14,55418
5699,Male,35-44,15,94706
5700,Female,18-24,14,55426
5701,Male,25-34,7,55311
5702,Male,18-24,0,90034
5703,Male,56+,1,14068
5704,Female,18-24,4,90024
5705,Female,18-24,4,90024
5706,Male,18-24,17,08550
5707,Male,25-34,12,01060
5708,Male,35-44,1,90034
5709,Male,18-24,4,90024
5710,Male,25-34,15,90034
5711,Male,25-34,7,47714
5712,Male,35-44,1,90024
5713,Female,50-55,7,91362
5714,Male,35-44,2,96753
5715,Male,18-24,4,90024
5716,Male,<18,10,03756
5717,Male,25-34,0,03766
5718,Female,35-44,14,38018
5719,Male,56+,7,21773
5720,Male,25-34,0,60610
5721,Male,45-49,11,90046
5722,Male,25-34,20,48103
5723,Male,18-24,12,55057
5724,Male,25-34,15,94102
5725,Male,18-24,2,10018
5726,Male,25-34,1,77845
5727,Male,25-34,4,92843
5728,Female,35-44,20,09824
5729,Male,18-24,10,99016
5730,Male,18-24,0,94111
5731,Female,25-34,11,10022
5732,Female,25-34,11,02111
5733,Male,25-34,4,48109
5734,Female,25-34,14,10022
5735,Male,25-34,6,19342
5736,Male,25-34,1,08904
5737,Male,45-49,15,93555
5738,Male,25-34,12,55406
5739,Male,25-34,7,90212
5740,Male,25-34,1,60613
5741,Male,50-55,13,60622
5742,Female,25-34,12,20850
5743,Female,35-44,0,55442
5744,Female,25-34,4,66044
5745,Female,18-24,4,90024
5746,Male,18-24,15,94061
5747,Male,25-34,0,03755
5748,Male,25-34,0,92155
5749,Male,25-34,2,94117
5750,Male,18-24,1,04101
5751,Female,<18,0,14167
5752,Female,56+,0,14850
5753,Male,18-24,17,78758
5754,Female,18-24,1,60640
5755,Female,35-44,2,78744
5756,Female,<18,10,98110
5757,Male,<18,10,05667
5758,Female,50-55,1,29642
5759,Female,25-34,1,08904
5760,Male,18-24,12,10549
5761,Male,25-34,20,90048
5762,Female,35-44,6,55125
5763,Female,25-34,1,08904
5764,Female,50-55,12,77098
5765,Male,25-34,11,44515
5766,Male,56+,14,96744
5767,Male,25-34,2,75287
5768,Female,<18,7,20852
5769,Male,45-49,14,05602
5770,Male,25-34,0,80231
5771,Male,25-34,7,95616
5772,Male,35-44,7,16365
5773,Male,25-34,6,89123
5774,Male,18-24,4,94118
5775,Male,25-34,11,10024
5776,Male,18-24,12,97205
5777,Male,<18,0,05667
5778,Male,35-44,12,85257
5779,Male,25-34,5,10011
5780,Male,18-24,17,92886
5781,Male,25-34,2,11106
5782,Female,35-44,0,55459
5783,Female,45-49,1,92106
5784,Male,18-24,10,56137
5785,Female,25-34,7,60607
5786,Male,25-34,6,53211
5787,Male,25-34,20,90802
5788,Male,25-34,0,92646
5789,Male,25-34,17,91107
5790,Female,35-44,0,55303
5791,Male,18-24,4,44074
5792,Male,25-34,17,43201
5793,Male,25-34,2,91602
5794,Male,35-44,17,53703
5795,Male,25-34,1,92688
5796,Female,25-34,7,10003
5797,Male,25-34,7,78757
5798,Male,35-44,0,80027
5799,Male,25-34,5,80916
5800,Male,35-44,18,90804
5801,Male,25-34,16,04103
5802,Female,25-34,0,98105
5803,Male,<18,10,01597
5804,Female,35-44,7,94306
5805,Female,25-34,0,90802
5806,Female,50-55,1,08826
5807,Male,35-44,7,01940
5808,Female,25-34,7,37206
5809,Male,25-34,7,37206
5810,Male,50-55,16,95070
5811,Male,18-24,4,60202
5812,Female,25-34,7,92120
5813,Male,25-34,7,94117
5814,Male,25-34,0,91403
5815,Male,25-34,20,90048
5816,Male,25-34,0,70119
5817,Male,25-34,17,33028
5818,Male,25-34,4,92821
5819,Male,50-55,6,70808
5820,Male,45-49,0,43615
5821,Male,25-34,15,02139
5822,Female,35-44,4,78212
5823,Male,25-34,12,02144
5824,Male,18-24,12,18052
5825,Female,25-34,4,43201
5826,Male,18-24,4,60201
5827,Male,25-34,2,55118
5828,Male,25-34,17,90048
5829,Female,25-34,4,78223
5830,Female,18-24,4,78209
5831,Male,25-34,1,92120
5832,Female,25-34,0,78240
5833,Female,35-44,0,78253
5834,Male,56+,16,92106
5835,Female,35-44,0,55406
5836,Male,25-34,0,91604
5837,Male,25-34,7,60607
5838,Female,45-49,7,02038
5839,Male,25-34,1,27106
5840,Female,<18,0,44260
5841,Female,35-44,7,10024
5842,Male,25-34,4,43201
5843,Male,35-44,1,83301
5844,Female,<18,10,02131
5845,Female,25-34,3,79411
5846,Male,45-49,16,78204
5847,Female,18-24,4,02464
5848,Male,50-55,20,20009
5849,Male,35-44,17,97124
5850,Female,25-34,7,78230
5851,Female,18-24,20,55410
5852,Female,25-34,1,94044
5853,Male,50-55,19,13903
5854,Male,45-49,7,33135
5855,Male,50-55,7,19462
5856,Female,25-34,7,78232
5857,Female,45-49,2,43229
5858,Male,25-34,4,01002
5859,Male,25-34,7,89117
5860,Female,25-34,4,91428
5861,Female,50-55,1,98499
5862,Female,25-34,9,76120
5863,Female,25-34,14,89511
5864,Female,50-55,1,28043
5865,Male,25-34,17,95926
5866,Female,25-34,6,06114
5867,Female,45-49,3,91306
5868,Male,35-44,14,85331
5869,Female,25-34,7,19103
5870,Male,25-34,14,98109
5871,Female,25-34,4,01002
5872,Male,25-34,17,61265
5873,Male,18-24,12,10021
5874,Male,25-34,4,01002
5875,Male,25-34,4,19103
5876,Male,50-55,7,30066
5877,Male,18-24,12,02138
5878,Female,25-34,0,60640
5879,Male,35-44,7,02135
5880,Male,25-34,1,08904
5881,Male,35-44,17,30303
5882,Male,35-44,7,60510
5883,Female,18-24,0,02138
5884,Male,18-24,4,20057
5885,Male,25-34,1,96930
5886,Male,25-34,20,02139
5887,Female,35-44,20,61821
5888,Male,25-34,20,64114
5889,Male,50-55,20,06033
5890,Male,35-44,20,77008
5891,Male,18-24,4,55404
5892,Male,45-49,2,10920
5893,Male,25-34,7,02139
5894,Male,35-44,0,70748
5895,Male,25-34,1,43026
5896,Male,25-34,0,60657
5897,Male,25-34,20,02152
5898,Female,18-24,0,02143
5899,Male,35-44,17,30024
5900,Male,25-34,7,60628
5901,Female,35-44,7,92075
5902,Male,50-55,16,77079
5903,Male,25-34,11,06851
5904,Female,45-49,12,954025
5905,Female,35-44,20,78006
5906,Female,18-24,4,19803
5907,Male,25-34,2,11217
5908,Male,25-34,4,19711
5909,Male,18-24,20,91330
5910,Female,45-49,20,10033
5911,Female,25-34,17,80301
5912,Male,25-34,1,77064
5913,Female,18-24,0,47901
5914,Male,35-44,2,91344
5915,Male,18-24,4,58102
5916,Male,50-55,20,48230
5917,Female,50-55,1,94550
5918,Male,25-34,12,55105
5919,Male,18-24,0,47933
5920,Female,25-34,1,05401
5921,Male,25-34,6,15146
5922,Male,56+,3,94561
5923,Male,25-34,7,05401
5924,Male,35-44,0,55417
5925,Female,25-34,0,90035-4444
5926,Female,50-55,7,65712
5927,Male,35-44,14,10003
5928,Male,45-49,1,14760
5929,Female,35-44,0,33607
5930,Female,35-44,17,78681
5931,Female,18-24,7,94111
5932,Male,18-24,14,90038
5933,Male,25-34,2,98227
5934,Male,25-34,14,77075
5935,Male,18-24,0,35115
5936,Male,18-24,4,37130
5937,Male,25-34,12,60622
5938,Male,25-34,1,35401
5939,Female,45-49,15,77040
5940,Male,50-55,12,03062
5941,Female,25-34,0,60640
5942,Male,45-49,1,01867
5943,Female,45-49,1,19806
5944,Female,18-24,10,27606
5945,Female,35-44,2,35229
5946,Female,56+,1,55406
5947,Female,45-49,16,97215
5948,Male,56+,13,12124
5949,Male,18-24,17,47901
5950,Male,25-34,4,19713
5951,Male,18-24,4,77005
5952,Female,45-49,1,78231
5953,Male,<18,10,21030
5954,Male,45-49,11,70802
5955,Female,25-34,7,34952
5956,Female,18-24,4,02142
5957,Male,18-24,20,02038
5958,Male,45-49,14,94301
5959,Female,18-24,4,14850
5960,Female,45-49,0,70460
5961,Female,45-49,0,78757
5962,Male,35-44,7,80221
5963,Male,25-34,15,02140
5964,Male,18-24,5,97202
5965,Male,25-34,17,77449
5966,Female,35-44,9,10021
5967,Male,50-55,16,73069-5429
5968,Male,56+,7,98103
5969,Male,45-49,13,77706
5970,Male,35-44,11,55438
5971,Male,35-44,7,49504
5972,Female,25-34,20,55428
5973,Male,<18,10,54701
5974,Female,25-34,1,32303
5975,Male,25-34,14,55104
5976,Female,25-34,1,26542
5977,Male,35-44,1,90012
5978,Male,35-44,1,49307
5979,Male,25-34,1,43214
5980,Male,56+,1,42503
5981,Male,35-44,7,01776
5982,Male,35-44,1,56082
5983,Male,25-34,3,29208
5984,Male,25-34,1,60657
5985,Female,18-24,4,78705-5221
5986,Female,56+,1,01060
5987,Male,25-34,16,10003
5988,Male,25-34,15,94022
5989,Female,<18,10,74114
5990,Female,25-34,20,90046
5991,Female,35-44,20,94025
5992,Female,18-24,4,21046
5993,Female,50-55,20,50010
5994,Male,35-44,1,32501
5995,Female,35-44,1,14618
5996,Female,25-34,0,87114
5997,Female,25-34,7,10016
5998,Male,18-24,4,61820
5999,Female,25-34,1,55455
6000,Male,45-49,17,30075
6001,Female,25-34,7,94117
6002,Male,50-55,0,43231
6003,Female,45-49,17,78722
6004,Female,25-34,15,28401
6005,Female,25-34,5,28401
6006,Female,<18,0,01036
6007,Male,35-44,17,80537
6008,Male,18-24,4,78705
6009,Female,25-34,12,60540
6010,Male,35-44,0,79606
6011,Male,35-44,15,80538
6012,Male,35-44,15,02871
6013,Female,25-34,20,32301
6014,Male,45-49,1,80634
6015,Female,25-34,9,80013
6016,Male,45-49,1,37209
6017,Female,35-44,7,21117
6018,Male,35-44,1,48906
6019,Male,25-34,0,10024
6020,Male,50-55,16,10023
6021,Male,25-34,12,08876
6022,Male,25-34,17,57006
6023,Male,25-34,0,43213
6024,Male,25-34,12,53705
6025,Female,25-34,1,32607
6026,Male,35-44,6,11210
6027,Male,18-24,4,20742
6028,Male,18-24,4,94133
6029,Female,25-34,1,23185
6030,Male,25-34,17,32618
6031,Female,18-24,0,45123
6032,Male,45-49,7,55108
6033,Male,50-55,13,78232
6034,Male,25-34,14,94117
6035,Female,25-34,1,78734
6036,Female,25-34,15,32603
6037,Female,45-49,1,76006
6038,Female,56+,1,14706
6039,Female,45-49,0,01060
6040,Male,25-34,6,11106
